0000206f
0000206f
0000206f
0000206f
00000000
00000000
00000000
00000000
00000000
00000000
00000000
00000000
00000000
00000000
00000000
00000000
00000000
00000000
00000000
00000000
00000000
00000000
00000000
00000000
00000000
00000000
00000000
00000000
00000000
00000000
00000000
00000000
00000000
00000000
00000000
00000000
00000000
00000000
00000000
00000000
00000000
00000000
00000000
00000000
00000000
00000000
00000000
00000000
00000000
00000000
00000000
00000000
00000000
00000000
00000000
00000000
00000000
00000000
00000000
00000000
00000000
00000000
00000000
00000000
00000000
00000000
00000000
00000000
00000000
00000000
00000000
00000000
00000000
00000000
00000000
00000000
00000000
00000000
00000000
00000000
00000000
00000000
00000000
00000000
00000000
00000000
00000000
00000000
00000000
00000000
00000000
00000000
00000000
00000000
00000000
00000000
00000000
00000000
00000000
00000000
00000000
00000000
00000000
00000000
00000000
00000000
00000000
00000000
00000000
00000000
00000000
00000000
00000000
00000000
00000000
00000000
00000000
00000000
00000000
00000000
00000000
00000000
00000000
00000000
00000000
00000000
00000000
00000000
00000000
00000000
00000000
00000000
00000000
00000000
00000000
00000000
00000000
00000000
00000000
00000000
00000000
00000000
00000000
00000000
00000000
00000000
00000000
00000000
00000000
00000000
00000000
00000000
00000000
00000000
00000000
00000000
00000000
00000000
00000000
00000000
00000000
00000000
00000000
00000000
00000000
00000000
00000000
00000000
00000000
00000000
00000000
00000000
00000000
00000000
00000000
00000000
00000000
00000000
00000000
00000000
00000000
00000000
00000000
00000000
00000000
00000000
00000000
00000000
00000000
00000000
00000000
00000000
00000000
00000000
00000000
00000000
00000000
00000000
00000000
00000000
00000000
00000000
00000000
00000000
00000000
00000000
00000000
00000000
00000000
00000000
00000000
00000000
00000000
00000000
00000000
00000000
00000000
00000000
00000000
00000000
00000000
00000000
00000000
00000000
00000000
00000000
00000000
00000000
00000000
00000000
00000000
00000000
00000000
00000000
00000000
00000000
00000000
00000000
00000000
00000000
00000000
00000000
00000000
00000000
00000000
00000000
00000000
00000000
00000000
00000000
00000000
00000000
00000000
00000000
00000000
00000000
00000000
00000000
00000000
00000000
00000000
00000000
00000000
00000000
00000000
00000000
00000000
00000000
00000000
00000000
00000000
00000000
00000000
00000000
00000000
00000000
00000000
00000000
00000000
00000000
00000000
00000000
00000000
00000000
00000000
00000000
00000000
00000000
00000000
00000000
00000000
00000000
00000000
00000000
00000000
00000000
00000000
00000000
00000000
00000000
00000000
00000000
00000000
00000000
00000000
00000000
00000000
00000000
00000000
00000000
00000000
00000000
00000000
00000000
00000000
00000000
00000000
00000000
00000000
00000000
00000000
00000000
00000000
00000000
00000000
00000000
00000000
00000000
00000000
00000000
00000000
00000000
00000000
00000000
00000000
00000000
00000000
00000000
00000000
00000000
00000000
00000000
00000000
00000000
00000000
00000000
00000000
00000000
00000000
00000000
00000000
00000000
00000000
00000000
00000000
00000000
00000000
00000000
00000000
00000000
00000000
00000000
00000000
00000000
00000000
00000000
00000000
00000000
00000000
00000000
00000000
00000000
00000000
00000000
00000000
00000000
00000000
00000000
00000000
00000000
00000000
00000000
00000000
00000000
00000000
00000000
00000000
00000000
00000000
00000000
00000000
00000000
00000000
00000000
00000000
00000000
00000000
00000000
00000000
00000000
00000000
00000000
00000000
00000000
00000000
00000000
00000000
00000000
00000000
00000000
00000000
00000000
00000000
00000000
00000000
00000000
00000000
00000000
00000000
00000000
00000000
00000000
00000000
00000000
00000000
00000000
00000000
00000000
00000000
00000000
00000000
00000000
00000000
00000000
00000000
00000000
00000000
00000000
00000000
00000000
00000000
00000000
00000000
00000000
00000000
00000000
00000000
00000000
00000000
00000000
00000000
00000000
00000000
00000000
00000000
00000000
00000000
00000000
00000000
00000000
00000000
00000000
00000000
00000000
00000000
00000000
00000000
00000000
00000000
00000000
00000000
00000000
00000000
00000000
00000000
00000000
00000000
00000000
00000000
00000000
00000000
00000000
00000000
00000000
00000000
00000000
00000000
00000000
00000000
00000000
00000000
00000000
00000000
00000000
00000000
00000000
00000000
00000000
00000000
00000000
00000000
00000000
00000000
00000000
00000000
00000000
00000000
00000000
00000000
00000000
00000000
00000000
00000000
00000000
00000000
00000000
00000000
00000000
00000000
00000000
00000000
00000000
00000000
00000000
00000000
00000000
00000000
00000000
00000000
00000000
00000000
00000000
00000000
00000000
00000000
00000000
00000000
00000000
00000000
00000000
00000000
00000000
00000000
00000000
00000000
00000000
00000000
00000000
00000000
00000000
00000000
00000000
00000000
00000000
00000000
00000000
00000000
00000000
00000000
00000000
00000000
00000000
00000000
00000000
00000000
00000000
00000000
00000000
00000000
00000000
00000000
00000000
00000000
00000000
00000000
00000000
00000000
00000000
00000000
00000000
00000000
00000000
00000000
00000000
00000000
00000000
00000000
00000000
00000000
00000000
00000000
00000000
00000000
00000000
00000000
00000000
00000000
00000000
00000000
00000000
00000000
00000000
00000000
00000000
00000000
00000000
00000000
00000000
00000000
00000000
00000000
00000000
00000000
00000000
00000000
00000000
00000000
00000000
00000000
00000000
00000000
00000000
00000000
00000000
00000000
00000000
00000000
00000000
00000000
00000000
00000000
00000000
00000000
00000000
00000000
00000000
00000000
00000000
00000000
00000000
00000000
00000000
00000000
00000000
00000000
00000000
00000000
00000000
00000000
00000000
00000000
00000000
00000000
00000000
00000000
00000000
00000000
00000000
00000000
00000000
00000000
00000000
00000000
00000000
00000000
00000000
00000000
00000000
00000000
00000000
00000000
00000000
00000000
00000000
00000000
00000000
00000000
00000000
00000000
00000000
00000000
00000000
00000000
00000000
00000000
00000000
00000000
00000000
00000000
00000000
00000000
00000000
00000000
00000000
00000000
00000000
00000000
00000000
00000000
00000000
00000000
00000000
00000000
00000000
00000000
00000000
00000000
00000000
00000000
00000000
00000000
00000000
00000000
00000000
00000000
00000000
00000000
00000000
00000000
00000000
00000000
00000000
00000000
00000000
00000000
00000000
00000000
00000000
00000000
00000000
00000000
00000000
00000000
00000000
00000000
00000000
00000000
00000000
00000000
00000000
00000000
00000000
00000000
00000000
00000000
00000000
00000000
00000000
00000000
00000000
00000000
00000000
00000000
00000000
00000000
00000000
00000000
00000000
00000000
00000000
00000000
00000000
00000000
00000000
00000000
00000000
00000000
00000000
00000000
00000000
00000000
00000000
00000000
00000000
00000000
00000000
00000000
00000000
00000000
00000000
00000000
00000000
00000000
00000000
00000000
00000000
00000000
00000000
00000000
00000000
00000000
00000000
00000000
00000000
00000000
00000000
00000000
00000000
00000000
00000000
00000000
00000000
00000000
00000000
00000000
00000000
00000000
00000000
00000000
00000000
00000000
00000000
00000000
00000000
00000000
00000000
00000000
00000000
00000000
00000000
00000000
00000000
00000000
00000000
00000000
00000000
00000000
00000000
00000000
00000000
00000000
00000000
00000000
00000000
00000000
00000000
00000000
00000000
00000000
00000000
00000000
00000000
00000000
00000000
00000000
00000000
00000000
00000000
00000000
00000000
00000000
00000000
00000000
00000000
00000000
00000000
00000000
00000000
00000000
00000000
00000000
00000000
00000000
00000000
00000000
00000000
00000000
00000000
00000000
00000000
00000000
00000000
00000000
00000000
00000000
00000000
00000000
00000000
00000000
00000000
00000000
00000000
00000000
00000000
00000000
00000000
00000000
00000000
00000000
00000000
00000000
00000000
00000000
00000000
00000000
00000000
00000000
00000000
00000000
00000000
00000000
00000000
00000000
00000000
00000000
00000000
00000000
00000000
00000000
00000000
00000000
00000000
00000000
00000000
00000000
00000000
00000000
00000000
00000000
00000000
00000000
00000000
00000000
00000000
00000000
00000000
00000000
00000000
00000000
00000000
00000000
00000000
00000000
00000000
00000000
00000000
00000000
00000000
00000000
00000000
00000000
00000000
00000000
00000000
00000000
00000000
00000000
00000000
00000000
00000000
00000000
00000000
00000000
00000000
00000000
00000000
00000000
00000000
00000000
00000000
00000000
00000000
00000000
00000000
00000000
00000000
00000000
00000000
00000000
00000000
00000000
00000000
00000000
00000000
00000000
00000000
00000000
00000000
00000000
00000000
00000000
00000000
00000000
00000000
00000000
00000000
00000000
00000000
00000000
00000000
00000000
00000000
00000000
00000000
00000000
00000000
00000000
00000000
00000000
00000000
00000000
00000000
00000000
00000000
00000000
00000000
00000000
00000000
00000000
00000000
00000000
00000000
00000000
00000000
00000000
00000000
00000000
00000000
00000000
00000000
00000000
00000000
00000000
00000000
00000000
00000000
00000000
00000000
00000000
00000000
00000000
00000000
00000000
00000000
00000000
00000000
00000000
00000000
00000000
00000000
00000000
00000000
00000000
00000000
00000000
00000000
00000000
00000000
00000000
00000000
00000000
00000000
00000000
00000000
00000000
00000000
00000000
00000000
00000000
00000000
00000000
00000000
00000000
00000000
00000000
00000000
00000000
00000000
00000000
00000000
00000000
00000000
00000000
00000000
00000000
00000000
00000000
00000000
00000000
00000000
00000000
00000000
00000000
00000000
00000000
00000000
00000000
00000000
00000000
00000000
00000000
00000000
00000000
00000000
00000000
00000000
00000000
00000000
00000000
00000000
00000000
00000000
00000000
00000000
00000000
00000000
00000000
00000000
00000000
00000000
00000000
00000000
00000000
00000000
00000000
00000000
00000000
00000000
00000000
00000000
00000000
00000000
00000000
00000000
00000000
00000000
00000000
00000000
00000000
00000000
00000000
00000000
00000000
00000000
00000000
00000000
00000000
00000000
00000000
00000000
00000000
00000000
00000000
00000000
00000000
00000000
00000000
00000000
00000000
00000000
00000000
00000000
00000000
00000000
00000000
00000000
00000000
00000000
00000000
00000000
00000000
00000000
00000000
00000000
00000000
00000000
00000000
00000000
00000000
00000000
00000000
00000000
00000000
00000000
00000000
00000000
00000000
00000000
00000000
00000000
00000000
00000000
00000000
00000000
00000000
00000000
00000000
00000000
00000000
00000000
00000000
00000000
00000000
00000000
00000000
00000000
00000000
00000000
00000000
00000000
00000000
00000000
00000000
00000000
00000000
00000000
00000000
00000000
00000000
00000000
00000000
00000000
00000000
00000000
00000000
00000000
00000000
00000000
00000000
00000000
00000000
00000000
00000000
00000000
00000000
00000000
00000000
00000000
00000000
00000000
00000000
00000000
00000000
00000000
00000000
00000000
00000000
00000000
00000000
00000000
00000000
00000000
00000000
00000000
00000000
00000000
00000000
00000000
00000000
00000000
00000000
00000000
00000000
00000000
00000000
00000000
00000000
00000000
00000000
00000000
00000000
00000000
00000000
00000000
00000000
00000000
00000000
00000000
00000000
00000000
00000000
00000000
00000000
00000000
00000000
00000000
00000000
00000000
00000000
00000000
00000000
00000000
00000000
00000000
00000000
00000000
00000000
00000000
00000000
00000000
00000000
00000000
00000000
00000000
00000000
00000000
00000000
00000000
00000000
00000000
00000000
00000000
00000000
00000000
00000000
00000000
00000000
00000000
00000000
00000000
00000000
00000000
00000000
00000000
00000000
00000000
00000000
00000000
00000000
00000000
00000000
00000000
00000000
00000000
00000000
00000000
00000000
00000000
00000000
00000000
00000000
00000000
00000000
00000000
00000000
00000000
00000000
00000000
00000000
00000000
00000000
00000000
00000000
00000000
00000000
00000000
00000000
00000000
00000000
00000000
00000000
00000000
00000000
00000000
00000000
00000000
00000000
00000000
00000000
00000000
00000000
00000000
00000000
00000000
00000000
00000000
00000000
00000000
00000000
00000000
00000000
00000000
00000000
00000000
00000000
00000000
00000000
00000000
00000000
00000000
00000000
00000000
00000000
00000000
00000000
00000000
00000000
00000000
00000000
00000000
00000000
00000000
00000000
00000000
00000000
00000000
00000000
00000000
00000000
00000000
00000000
00000000
00000000
00000000
00000000
00000000
00000000
00000000
00000000
00000000
00000000
00000000
00000000
00000000
00000000
00000000
00000000
00000000
00000000
00000000
00000000
00000000
00000000
00000000
00000000
00000000
00000000
00000000
00000000
00000000
00000000
00000000
00000000
00000000
00000000
00000000
00000000
00000000
00000000
00000000
00000000
00000000
00000000
00000000
00000000
00000000
00000000
00000000
00000000
00000000
00000000
00000000
00000000
00000000
00000000
00000000
00000000
00000000
00000000
00000000
00000000
00000000
00000000
00000000
00000000
00000000
00000000
00000000
00000000
00000000
00000000
00000000
00000000
00000000
00000000
00000000
00000000
00000000
00000000
00000000
00000000
00000000
00000000
00000000
00000000
00000000
00000000
00000000
00000000
00000000
00000000
00000000
00000000
00000000
00000000
00000000
00000000
00000000
00000000
00000000
00000000
00000000
00000000
00000000
00000000
00000000
00000000
00000000
00000000
00000000
00000000
00000000
00000000
00000000
00000000
00000000
00000000
00000000
00000000
00000000
00000000
00000000
00000000
00000000
00000000
00000000
00000000
00000000
00000000
00000000
00000000
00000000
00000000
00000000
00000000
00000000
00000000
00000000
00000000
00000000
00000000
00000000
00000000
00000000
00000000
00000000
00000000
00000000
00000000
00000000
00000000
00000000
00000000
00000000
00000000
00000000
00000000
00000000
00000000
00000000
00000000
00000000
00000000
00000000
00000000
00000000
00000000
00000000
00000000
00000000
00000000
00000000
00000000
00000000
00000000
00000000
00000000
00000000
00000000
00000000
00000000
00000000
00000000
00000000
00000000
00000000
00000000
00000000
00000000
00000000
00000000
00000000
00000000
00000000
00000000
00000000
00000000
00000000
00000000
00000000
00000000
00000000
00000000
00000000
00000000
00000000
00000000
00000000
00000000
00000000
00000000
00000000
00000000
00000000
00000000
00000000
00000000
00000000
00000000
00000000
00000000
00000000
00000000
00000000
00000000
00000000
00000000
00000000
00000000
00000000
00000000
00000000
00000000
00000000
00000000
00000000
00000000
00000000
00000000
00000000
00000000
00000000
00000000
00000000
00000000
00000000
00000000
00000000
00000000
00000000
00000000
00000000
00000000
00000000
00000000
00000000
00000000
00000000
00000000
00000000
00000000
00000000
00000000
00000000
00000000
00000000
00000000
00000000
00000000
00000000
00000000
00000000
00000000
00000000
00000000
00000000
00000000
00000000
00000000
00000000
00000000
00000000
00000000
00000000
00000000
00000000
00000000
00000000
00000000
00000000
00000000
00000000
00000000
00000000
00000000
00000000
00000000
00000000
00000000
00000000
00000000
00000000
00000000
00000000
00000000
00000000
00000000
00000000
00000000
00000000
00000000
00000000
00000000
00000000
00000000
00000000
00000000
00000000
00000000
00000000
00000000
00000000
00000000
00000000
00000000
00000000
00000000
00000000
00000000
00000000
00000000
00000000
00000000
00000000
00000000
00000000
00000000
00000000
00000000
00000000
00000000
00000000
00000000
00000000
00000000
00000000
00000000
00000000
00000000
00000000
00000000
00000000
00000000
00000000
00000000
00000000
00000000
00000000
00000000
00000000
00000000
00000000
00000000
00000000
00000000
00000000
00000000
00000000
00000000
00000000
00000000
00000000
00000000
00000000
00000000
00000000
00000000
00000000
00000000
00000000
00000000
00000000
00000000
00000000
00000000
00000000
00000000
00000000
00000000
00000000
00000000
00000000
00000000
00000000
00000000
00000000
00000000
00000000
00000000
00000000
00000000
00000000
00000000
00000000
00000000
00000000
00000000
00000000
00000000
00000000
00000000
00000000
00000000
00000000
00000000
00000000
00000000
00000000
00000000
00000000
00000000
00000000
00000000
00000000
00000000
00000000
00000000
00000000
00000000
00000000
00000000
00000000
00000000
00000000
00000000
00000000
00000000
00000000
00000000
00000000
00000000
00000000
00000000
00000000
00000000
00000000
00000000
00000000
00000000
00000000
00000000
00000000
00000000
00000000
00000000
00000000
00000000
00000000
00000000
00000000
00000000
00000000
00000000
00000000
00000000
00000000
00000000
00000000
00000000
00000000
00000000
00000000
00000000
00000000
00000000
00000000
00000000
00000000
00000000
00000000
00000000
00000000
00000000
00000000
00000000
00000000
00000000
00000000
00000000
00000000
00000000
00000000
00000000
00000000
00000000
00000000
00000000
00000000
00000000
00000000
00000000
00000000
00000000
00000000
00000000
00000000
00000000
00000000
00000000
00000000
00000000
00000000
00000000
00000000
00000000
00000000
00000000
00000000
00000000
00000000
00000000
00000000
00000000
00000000
00000000
00000000
00000000
00000000
00000000
00000000
00000000
00000000
00000000
00000000
00000000
00000000
00000000
00000000
00000000
00000000
00000000
00000000
00000000
00000000
00000000
00000000
00000000
00000000
00000000
00000000
00000000
00000000
00000000
00000000
00000000
00000000
00000000
00000000
00000000
00000000
00000000
00000000
00000000
00000000
00000000
00000000
00000000
00000000
00000000
00000000
00000000
00000000
00000000
00000000
00000000
00000000
00000000
00000000
00000000
00000000
00000000
00000000
00000000
00000000
00000000
00000000
00000000
00000000
00000000
00000000
00000000
00000000
00000000
00000000
00000000
00000000
00000000
00000000
00000000
00000000
00000000
00000000
00000000
00000000
00000000
00000000
00000000
00000000
00000000
00000000
00000000
00000000
00000000
00000000
00000000
00000000
00000000
00000000
00000000
00000000
00000000
00000000
00000000
00000000
00000000
00000000
00000000
00000000
00000000
00000000
00000000
00000000
00000000
00000000
00000000
00000000
00000000
00000000
00000000
00000000
00000000
00000000
00000000
00000000
00000000
00000000
00000000
00000000
0100006f
0180006f
02c0006f
0180006f
2d738393
d2938393
30200073
167d0605
30200073
34102f73
10730f11
1f71341f
30200073
00010001
080a6a13
300a28f3
78c07037
3600001b
013740b1
011b0010
0132bdd1
53510113
10500073
0003e1b7
a371819b
819301ba
42290461
300877f3
0010029b
635502fe
f653031b
0313033e
4381dcc3
90734401
049b341e
04fe0010
00033537
5b35051b
0513053a
81171b45
01130002
2403f621
85b7a201
859b000a
05b25795
eb858593
00020637
a016061b
0613063e
36b797c6
869b000f
06b2f256
55968693
0003f737
6ab7071b
0713073a
e7b75dd7
879b000b
07b23697
4c478793
0010081b
488d087e
71b99937
bc89091b
041b641d
c0243a04
1b3919b7
5629899b
3ab74a01
8a9b5059
0b37df8a
0b1b4dee
6ff32c1b
81173002
01130002
5283eda1
0b9b1e81
0bfe0010
00100c1b
4c810c7e
00028417
ec040413
cd37d83c
0d1b2ddf
0d9b814d
0dfe0010
4e814e3d
0f9b4f81
0ffe0010
0008b537
1a75051b
05130532
053e6b35
ca950513
05130536
40813765
03a32eb7
d35e8e9b
8e930eb2
0eb26b9e
d85e8e93
8e930eb6
42b70d6e
829b0026
02b25492
e3b28293
829302b6
02b63732
50528293
ffd29fb7
081f8f9b
8f930fb2
0fb689df
521f8f93
8f930fc2
0001113f
010546b7
55d6869b
869306ba
06b2b416
51568693
869306b2
000173b6
01062e37
23fe0e1b
0e130e32
0e36ec1e
807e0e13
0e130e36
beb703be
8e9b000b
0eba3efe
09be8e93
8e930eba
0ebeb3fe
813e8e93
032310b7
5330809b
02e9d1b7
03b1819b
021b621d
0293bb32
03132530
04930360
05130d10
011702b0
01130000
041705a1
04130000
e07e0524
ce0ecc06
02314733
02411023
02511123
0231673b
02610223
02a343ad
03230271
03a30291
e41402a1
000a5637
fad6061b
06130636
0636bed6
57360613
06130632
c4503176
ca72e876
513b18fd
d9b3406e
18fd403d
406e513b
403dd9b3
03c65b33
415a0e33
0293e9b3
03544a33
10500073
00028417
d3840413
4833e044
e8bb021d
4e33032a
0001026e
300063f3
014dac37
39bc0c1b
0c130c32
0c321b1c
f25c0c13
0c130c3a
4e81aa8c
4d854b05
01790cb7
28bc8c9b
8c930cb2
0cb6fc7c
38fc8c93
8c930cb2
6137a26c
011b0000
23034881
4d3790c1
0d1b00e4
0d32b39d
3e1d0d13
0d130d3a
0d36561d
678d0d13
45814e05
44854501
96170788
783b8eb7
013303a9
aa33020c
c83b0299
000102cd
1ecfdc17
0000000f
9a1e948a
033b8ab3
041b6419
6074ea84
03dd9e33
fe5a859b
66370d0c
9e09a368
013b8e15
9c8d0369
00028117
c6c10113
89812d83
00400bef
0097a091
80930000
808203a0
00006137
a101011b
3f510e23
080000ef
00000617
05660613
00ef9602
f7b303e0
81170284
01130002
0103c2e1
a0bd2181
032000ef
05c000ef
3423d073
10500073
07f3f393
3003b8f3
fd3ff96f
00efbf55
bfed0320
04c002ef
00000097
fdc08093
00ef8082
fcef0560
1073fb9f
10733418
f0ef3421
0097f9ff
80930000
9082fde0
00000097
ff608093
000080e7
fdfff0ef
00000097
fbe08093
00408e67
fb3ff0ef
00008137
6081011b
99013503
041b6419
e41c0f84
f43ff2ef
03397e3b
30102d73
01000bef
01e000ef
0480016f
048000ef
00028117
b8010113
056ff20e
f8ef0460
8417febf
04130002
4814b6e4
030000ef
041b6419
dc38cb84
fd5ff56f
ff5ff0ef
30507cf3
020000ef
305033f3
ff1ff2ef
ff9ff8ef
fb1ffb6f
024000ef
ffdff0ef
fe1ff0ef
300030f3
004000ef
00007137
7201011b
93812383
fa7ff0ef
00a4d993
305062f3
4e814b81
08000093
300093f3
03f771b3
30007873
4d854e05
40814b05
45054d05
47014585
9c058c91
00018e19
00011614
52170513
10739bca
5d3b342c
907303f8
8cb33414
60f940ea
01320e3b
aeab9797
0379d7b3
00f78b93
f37ea137
029ceebb
d7b70001
0001fa9f
030afa3b
d4970e13
61370188
011b0000
0aa3db01
28551e61
820a8d15
0229d5b3
03b4adb3
99ee8693
4e814101
81174e01
01130002
6983a761
4d814b81
859b658d
05ce6595
7ff58593
859305b6
05b6b2d5
aac58593
39734c85
84173000
04130002
780ca4a4
23734181
22f33050
4a813050
00028117
a3410113
bbb7d51a
8b9b002d
0bb695bb
845b8b93
8b930bb2
0bba20bb
e2bb8b93
9d214d01
8e8e9c0d
020c1db3
036fa733
81170001
01130002
3a039fe1
9033d781
003303a2
0073032d
e03b1050
00010353
09bb9d29
d5bb418b
c33b027e
84bb0202
0001024d
48014b01
07f17113
300130f3
3422d073
00299e37
a57e0e1b
0e130e32
0e36e29e
aa1e0e13
0e130e32
4d81dc0e
30507273
0000100f
c1b74581
819b0003
01c6f7b1
a6b18193
819301b2
01b272b1
e8618193
4e854d01
08000113
30012873
44014785
03126e33
d0735bfd
c6b3342a
ab330315
9e850390
00006137
0981011b
75f10723
03b3c133
02476033
03afe9b3
8e0d1788
02c15033
52b70eb7
0001615d
0000603b
88bb5a7d
81bb0274
243300e8
0001031d
00bb8533
69319d01
300061f3
011e0bb3
041b6421
7868c284
00063337
0513031b
03130336
033e8393
f4b30313
0313033a
7eb70513
8e9b01c6
0eba43be
80de8e93
8e930eb2
0eb2aa1e
912e8e93
00028417
8d040413
8a376c5c
0a1b00ab
0a36a49a
39ba0a13
0a130a32
0a32853a
56da0a13
4e014585
342f9073
3e734b01
ec373010
0c1b0644
0c32bcfc
567c0c13
0c130c32
0c324b5c
598c0c13
01022637
9a36061b
06130636
063651f6
91b60613
06130632
4c81b3b6
84174b81
04130002
7c408664
02f0e03b
30503c73
00008137
b381011b
3efde0b6
61219c95
9e2d50fd
809b0001
4217a678
05bb17d1
e933407e
773b023f
81170359
01130002
c0da82a1
cd3b160c
987e027f
01db0033
00028117
81410113
a0010403
ea2c0a13
0333e533
30103d73
0004863b
00c60c3b
b31714fd
9c8df95f
34c50113
033dc8b3
a133717d
69f3020f
8d013010
00006137
1401011b
c1bb587e
4e810393
4b054e01
00880ab7
6f1a8a9b
8a930ab2
0ab220ba
7f1a8a93
8a930aba
4681b72a
4a014c01
49054d01
64154c81
5684041b
50fdd068
039c5033
08b35e7d
8a3b409d
703b033d
00010000
8bf6717d
03ae14b3
801b608d
f23b4a1d
2c5d0255
b8b31a8c
711703df
01130002
0c237661
8a134461
00130655
8a3b1765
b13302f9
f8330321
107302f0
68733419
2b173000
64193780
7c04041b
093bc878
8533407b
41514092
00008137
9501011b
00017396
00027117
71c10113
4e3bedc6
080c03fa
035d2eb3
61372719
011b0000
db66f501
101067ed
028c7eb7
c15e8e9b
8e930eb2
0eb6acbe
7c3e8e93
8e930eb2
4e01f05e
00156737
6097071b
07130732
073e7837
32370713
0713073a
713783e7
011b0000
1a238581
49057701
00007137
a281011b
4681f7d2
66374d01
061b0009
06367e56
06560613
0613063a
0636ecb6
03660613
6cb74201
8c9b02a0
0cb204bc
b63c8c93
8c930cb2
0cb25adc
255c8c93
5b334c01
0e3303c6
3a73415a
87b33010
507340f3
59fd342d
8d858c09
fb638293
0375ce33
020feab3
022e8d3b
a0e5001b
4d050001
07fb7b13
300b3373
00755bb7
ecbb8b9b
8b930bb2
0bbad3db
d13b8b93
8b930bba
4e81c9bb
2cb74e05
8c9b06fd
0cb2a09c
2b7c8c93
8c930cb2
0cb255fc
e48c8c93
41814a81
61374a01
011b0000
c55a3681
c6b74c01
869b02ab
06b29a36
6c568693
869306b2
06b20c16
2f668693
34115073
08130001
22730800
8c893008
9cb167d1
8c95256d
02c3003b
0a213dfd
0300ccbb
30102bf3
02e4e1b3
60339e25
d0730382
9e8e341e
02a9d7bb
ce3b717d
4e81038f
adb74e05
8d9b0008
0dcacf1d
35bd8d93
8d930db2
0db2a5fd
4fed8d93
4c814981
44814605
0000601b
45814a81
1c144d01
03b0ccbb
02b68eb3
03d30a3b
0b338d15
71174125
01130002
242354a1
7c33d8c1
98ae031b
031a01bb
617d84be
64211d84
c484041b
77bb6064
00730316
f8bb1050
3cf3031f
9cb13050
10339d85
00010383
02bc69bb
3dfd2de9
7eb30001
833303a9
10734190
0e333421
02b30182
bdb3410e
093b026a
9d050385
01b80933
03000bef
06c0056f
078006ef
00006137
9c81011b
d2911423
024000ef
050001ef
fedff0ef
044000ef
01c000ef
00c000ef
fd5ff0ef
ff5ffdef
040000ef
03a87633
034000ef
fe1ff0ef
00027117
49810113
a8016d83
034000ef
fc5ff0ef
0202f133
fd5ff0ef
ff9ff0ef
fb9ff0ef
fc1ff0ef
f99ff0ef
fd5ff9ef
342a1073
fe9ff6ef
300267f3
fd5ff0ef
8c638c75
20fd0046
9f9a7313
00027417
44c40413
dab35c38
a73300d6
38f3008f
4c133000
a93318c6
1c9b0354
6433012c
71170196
01130002
5d834261
4013b881
61370d72
011b0000
2a233881
171b9391
2475013b
299b8e9b
00007137
0901011b
d0414903
c9131d7d
a713e2d8
7137b158
011b0000
6a034d81
0d632201
091001cc
0353acb3
00027117
3d410113
a5d11823
136c8013
0319b433
01768633
10738dd1
0001342e
0358da33
67bf8693
072bc263
01ca08b3
00f9c033
0000701b
00027117
39c10113
da815203
00230363
1eb30694
61190291
07100001
03db2b33
9e058ec9
0323f8b3
011e9c33
40c20abb
30506773
c233869d
61370100
011b0000
7a827481
00b2d2b3
034fd433
30103473
00b0c663
139492da
30102c73
030c4033
9b6300c6
d073027d
0001341f
412351b3
410054b3
8e45cda1
01349c1b
00007137
9481011b
bf813c03
40a1d5bb
63730001
53333050
8f490038
923b92f6
35730157
d01b3050
a6b70068
5073a6a2
8e693428
80338eb1
2df300cb
90e23000
03757863
00866863
40e404b3
03b94b33
0182943b
03ffe033
0260ba33
741798be
04130002
44242c24
002790bb
40230733
5e786013
00027117
2ac10113
02bb655a
bb33004e
579b0073
7117005b
01130002
62832961
ce934481
f99310f1
64217859
c884041b
31b37c08
9e310318
014c85bb
0a8600ee
019179b3
80558fb1
e963717d
ae330266
77f300ca
c9333000
80c102ce
0255deb3
169b2b5d
556301f5
9e13033c
8afd02af
0202f1b3
30007373
342a9073
01838dbb
03c9643b
00027117
22810113
4a012703
67b38692
29730377
8f633050
81f10278
03b5633b
34139073
03d5cf63
0298e2b3
01db1033
00027117
1f810113
9d1bd402
936300d6
8eb90050
b6b38e71
a3370048
890abd4b
4139dcbb
02f6643b
4a61e8b7
e7638e01
013b00d6
8ee9013e
008c1f63
028c523b
300301d9
717d0000
036de763
02096c63
342f9073
8f638ca9
71370294
011b0000
0a235d01
0001e6d1
0be21697
41388533
a3332695
f4970171
8cbb136c
82ae408c
00b74b33
03970033
037ca1b3
00405763
00f911b3
fc5d001b
187dc335
929b6771
debb017a
11fd03fa
407c0833
783310fd
81370096
011b0000
e4969501
00027117
13c10113
75010e83
02a6f037
00007137
0b01011b
a8b341ba
82c503ce
00be64b3
34199073
033116b3
013f9d13
027ab733
05635bfd
27990310
05615c63
d8bb825a
5a1b0380
783b002a
71170340
01130002
2c230ee1
6d3bedc1
00f903bd
04257193
305036f3
021a95b3
00027417
0d040413
e129c834
300034f3
00c9deb3
00a37eb3
00027117
0b810113
99015503
01f39b13
a79398fd
0dea30f3
d69d861b
000199fd
f61386d6
00014722
0073c0b3
793b29f5
cb1902f6
415ed193
03a97ebb
039ec53b
015eeab3
02dd5963
015e599b
0323f8bb
01511313
00e504b3
d43b059a
ab9301de
71173c49
01130002
572a0561
0a13928e
6d13d9cc
5a3bab30
00bb002c
70030254
a8b30000
d1630399
eabb03d4
5a9b0377
711700b8
01130002
756a0261
5d7d80f6
9cb18c86
300062f3
01f547b3
543b118c
60134082
61416c3e
d8498493
01367d63
019c6b63
41fbda3b
30506473
ad130001
5cbbcc5d
15b34057
2af10233
74170001
04130002
d438fda4
41b2d31b
01d10b33
48a1831b
0008d61b
00ae4033
01938d3d
aff30800
58bb3001
8d210129
00027117
fac10113
2d012b03
01366963
024b7cbb
415a8db3
5d3b9c85
59b30031
8ebb011c
32b300d4
8e8d033c
300c7bf3
d6b38165
edb3002b
71170390
01130002
6883f721
9fad6281
012bda63
02adcd63
02d57d3b
411dda33
1e7d8d85
025232b3
342d9073
41dc5033
449a6813
000de6b3
00411eb3
02ad56b3
342a5073
1a3b8d15
50730095
c03b3415
f9330225
82330271
903303d9
7bbb027e
88960344
03815033
341c5073
30507df3
01fcd6b3
36330001
68630019
82b30155
fe6341c0
0001044e
001b0001
75f3b181
98fd3050
04961963
2c13717d
e03bd292
b0330331
016302fa
dc330292
d073017b
86e5342f
30006973
375eea13
025de6b3
014cb737
04411363
034cccbb
3418d073
71179c85
01130002
1003ea21
5bb37e81
e793021b
88f90807
305076f3
07b44463
0081591b
dcb300a5
523340e5
8d5500c0
49638d49
5013005c
14fd417d
012a5a63
34245073
6e21c1b7
40b25713
fe592013
031091b3
30106373
32f31dfd
d8373000
1dbb3cfc
711701b1
01130002
45aae3e1
010d9a63
00008137
8381011b
0bc11e83
055d5063
ea636111
39f3011d
6e333050
cf630292
003b008c
880e0372
34135073
71170f8c
01130002
e0f6e021
039678bb
036b633b
00ed6333
02eb1033
87528893
41355013
41c50833
24738da9
929b3010
66b50024
1c392bb7
016a00bb
005c999b
0bb308da
0a3b02ab
0033001e
c5194086
c8339c2d
8d75017a
79822c17
0107d63b
0079cdb3
027eb6b3
ed316089
01ba873b
034e9a33
21f4b893
30103ef3
4009523b
341fd073
5137c305
011b0000
75de4781
02713633
8f86831b
41de8db3
004b5d63
42f6e417
039dc863
00027117
d5c10113
47816083
863b047e
8aca4079
30506073
ae4ba093
51639ca9
0c9205d0
55b38ec9
8e410360
0217ca63
c42c801b
4089d493
01e1101b
443b8ead
40630241
a53302aa
e3f302fb
71373002
011b0000
69e22b81
34231073
016e9033
83998fe1
301064f3
5663ca95
ca93007a
721364c7
6b4d6bb2
026adebb
74170842
04130002
e030cde4
041b6419
e41c0f84
4048863b
4181d5bb
0387dc3b
e50dbd13
000e2033
301032f3
305028f3
031560b3
300067f3
40465bb3
c6190001
9376c111
03195db3
301029f3
0276dcbb
e2858cad
032082b3
00635193
01abd31b
050cd363
010d86bb
02e98033
8bb38d4d
d23b0003
2ef34072
117d3050
0566ec63
026bd933
00027117
c5c10113
8f814d03
019ccd63
03f8fc63
ebb30001
801302b0
6bb31cc8
503301fd
961b4070
eb730050
1afd3009
018b1bbb
0251c9bb
00027117
c2410113
81b11423
1e900001
03080763
0074f463
403359bb
3f21099b
34161073
40338d4d
d0730336
51133424
6137002a
011b0000
6f830801
06dadd01
3427d073
01664cb3
015f8eb3
00dd0cbb
50b3c099
d29b0070
05bb4175
711703bd
01130002
0283bc61
7b133881
3a7307fb
ea63300b
5db302d4
941b40d7
00730176
e4631050
ed330271
8f4d007c
00008137
da01011b
02b14fa6
cc3b9c11
507303b3
c9113419
fb638c25
db3b0271
27b34170
911b031c
9b370080
0b9b48e7
5c3b8282
d0730128
9b7d342a
00ac813b
5bfd8d4d
00674133
00b2d03b
ab21e893
6e3b8cd1
9c250389
97628a0d
7b63e901
069b038c
0359381e
300bedf3
037ad133
40239da5
51b30000
589b010d
0001406a
eb84b093
301067f3
00f8c963
6206bc13
65219b66
01b38abb
80338d8d
ca0500d1
03407833
391d4213
0001ca81
0286ccbb
0433f163
00007023
00018612
00027117
adc10113
9073fc8e
0c10341f
36339e2d
3df30103
9e953050
9d1df593
30102c73
03da503b
00008137
bd81011b
f013d7ae
ca939119
8db16e72
5593859b
0137ceb3
00006137
6001011b
16b11823
79630001
907300d6
d53b342e
9b5600fd
0058003b
821d0612
016d2033
00fd3033
011a1cb3
00008137
e081011b
b0411f83
46aafa97
08000593
3005a2f3
90de8ec9
08800693
30069af3
6ccd81cd
41d00133
34239073
02e902b3
00027117
a3410113
39713823
01a3ec33
00027417
a2440413
c8b37868
6e63028b
71170074
01130002
1023a121
8d919961
d13b82bd
aa130049
0e3bcc22
e529007b
0b938111
d073143e
c133342a
9c89010f
30102173
9c1b57fd
85b3004b
8ef540e8
79330001
e07300ed
1073300e
0001342e
03042033
e4b34313
300074f3
80b18121
00278933
82910001
000b2633
00006137
6881011b
5bc12003
28f39c11
8dd13000
0f28c063
0b49e863
711720bd
01130002
75ea98a1
0062e7b3
d43700ce
97133692
697300a7
d03b3050
4cbb0047
4e8502c6
4e054401
4c854a01
0228c637
7c36061b
06130632
063654f6
ee960613
06130632
410130c6
88374c05
081b007e
0836cf58
1b780813
0813083e
08329d38
7ec80813
001116b7
7cb6869b
869306be
06b2a116
f9768693
869306b2
6e377c16
20633755
717d0000
10500073
8d919da5
1ab70001
583b0ad9
1a9c02c4
000120b1
49a59c29
5d97891b
00e38db3
00027117
8dc10113
46010f83
024eceb3
20378de5
8137f014
011b0000
02832d81
e493cef1
82d60804
02f85ebb
00027417
8b040413
59fdd408
300076f3
02498833
00008137
5f81011b
89511823
30007ff3
0d93896d
9a730880
ec89300d
01c61033
30103b73
0301e53b
000165ed
08800493
30049c73
0190a9b3
46935cfd
80338f8d
c1bb020e
191b0232
d03b0096
dd17022c
64198504
a504041b
58335818
e235400b
40bbd49b
1633987d
4e630236
741700f2
04130002
401482e4
af260013
23f386f1
d69b3010
cc130117
dc3b4067
e33b4045
613703cd
011b0000
c50aad81
03b3d43b
01f2b4b3
d42d0b9b
031c58b3
03156c3b
00026417
7ec40413
dcb3c82c
8cf940c8
0cd100b9
0122d813
de638565
31f30107
64f13050
00006137
2d81011b
0013f942
b8b31c77
826d02a7
12b3e885
c013028d
612534f1
61172765
01130002
ea5a7a61
cc910e1b
02accdb3
03895033
300df8f3
a2b39d1e
9e0102c4
42b38cd5
8de9034b
03b80f63
041b6419
d400e304
00003063
01806333
00dd5d93
07ffff93
300fbbf3
01f8003b
38408c9b
03fb81b3
002e5c93
0194cc33
53338d8d
826300e6
943206b5
00006137
6601011b
f18107a3
00026417
73040413
9993502c
dd1b00f3
907300f2
9d63342b
717d02ec
00008137
ed81011b
de911d23
d03350fd
0d9300ef
bab37240
1d63031a
f7bb00fe
87930284
cd3bfd85
61170367
01130002
c8726ea1
44b30001
07330093
08330154
8d9d0305
341fd073
404b87b3
64190001
8e84041b
dd3bcc08
ef194198
30026bf3
34111073
03dcab33
717d0406
02b5d6bb
3425d073
01a3d71b
1ba38013
898efe13
01365533
00026117
69010113
833b4e6a
1993010c
8db7017b
82bbbb41
0a630180
71370757
011b0000
49ae8681
106798fd
79130000
97635a12
c0a1066b
080d8ec9
022df53b
305025f3
4197d29b
518e2913
41175b93
00026117
64010113
64174646
04130002
4c246364
4004d99b
0242d93b
00026117
62410113
c733d562
70630022
6117035b
01130002
4fc26121
7bb39e29
4233011e
5b330154
00010305
0cbe9cb1
0182e8b3
034de7b3
00026117
5ec10113
9073d45e
50fd3425
409e8a33
40cc5a3b
f7930001
b6f307f7
eab33007
98fd032c
01aa0033
7d03f693
0085d193
b6a0f013
fe939cba
be7307fe
9c31300e
300037f3
00d8cbb3
037cc663
34239073
00c381bb
052bf063
030afa33
00006137
5a623141
03868663
02640d63
00020e63
0064fc63
c86380de
7b3b0737
6417027c
04130002
d00c56a4
02b038b3
02e7e033
40db80b3
8ec585e1
613b2361
3a7302c9
c1933050
9cb527c0
00026417
54040413
71376c50
011b0000
c976d081
01295d63
81169bfd
30003473
0372eb3b
3414d073
34259073
0001147d
08800a13
300a28f3
b0339e91
90d60243
00026117
50010113
bfd13423
799a2513
41950c33
b7e860b7
88f29e19
00006137
0801011b
d033c81e
879b0344
0033cd90
9c81404e
94138519
88330176
907303cd
4e85342f
42814e01
008759b7
6e59899b
899309ba
09b23cf9
61998993
899309b6
44017ed9
4d014d81
47014581
0e3b4501
c33b0228
873b02e6
0c3b022f
843b404c
00010276
61371184
011b0000
2223b901
9e9d45b1
a233646d
1a840353
f93b614d
7db7026a
2373c591
0c133010
403bbf6b
6117038d
01130002
d1da44e1
03950533
ce07e0b7
301037f3
412b8e3b
a0330001
603b03ac
9e3103f0
a0c94113
30006a73
41690d3b
29f320dd
f1b33010
9463026f
8e250c27
03dcc033
43f8d813
02c9f8bb
00ec5d13
d670bb13
082a80e1
00026117
3f410113
997dc90a
0bef9b7d
00ef0860
00ef07e0
046f0340
00ef0620
f7730300
00ef300a
04ef0040
907305a0
08ef3415
f0ef0560
fdb3fe1f
f16f0319
f0effd5f
0deffd9f
00ef02a0
00ef0100
00ef0080
f0ef0220
f0effcdf
00effd5f
613703a0
011b0000
6da2ab81
ff3ffeef
fafffcef
fc7ffaef
fbfff0ef
fcbff0ef
fd3ff0ef
fdfff0ef
300065f3
ff5ff0ef
fb3ff8ef
fe5ff0ef
004000ef
20670bad
5c3b0000
6c730339
899b3010
043b7585
0bb900f1
00005137
6d01011b
f2711723
301038f3
40f254bb
30502af3
72747a13
027de0b3
34179073
0763717d
61b300c1
f363037d
910e0006
008615bb
00026117
30810113
33511c23
2dc10293
0316883b
007825b3
00026417
2f040413
db1b6060
51b340ca
e7bb408a
ad33024a
08900016
40975033
03a2ddb3
30103ff3
08800413
30042af3
0042c0b3
34215073
01aaf8b3
40ea043b
01facf63
01397a33
00006137
6701011b
003bef6a
57330173
d07302f5
0c3b3417
4d330156
8763027d
936300f5
75930410
9d85fd32
0045b0b3
0352a433
000380b3
02d66c33
00026117
26c10113
12812b83
87b331fd
6117023e
01130002
650325a1
debb0b81
cd9d405b
007e77b3
00c60001
8ed9994e
00007137
bd81011b
47a15503
02a7e8bb
69131614
d0730809
9c953429
00738e11
0bb31050
6129416d
81a58c8d
0179dc1b
00e0553b
00007137
8381011b
fe63c56a
8e8d04eb
01c2dabb
84e84013
0110553b
d1513693
80379e85
4b139e3e
d1b3650a
d99b41b6
061b00a3
8ec99785
02b941bb
00008137
b601011b
18e11f23
403ed23b
01ac9563
031fcdbb
ba330001
611703da
01130002
10231ae1
7833c6d1
d5130164
d07341b2
7e13342f
37f307fe
5d3b300e
42b341c0
2aa5037a
00007137
4101011b
f2a11383
0156971b
03591d33
07f27213
300235f3
01fa1993
00e0c033
01840933
0b89011b
27730992
cabb3000
6d7302eb
08253000
40330001
6117011b
01130002
10231421
88331af1
d9134080
000141d9
00579733
a5710e97
00026117
12410113
25010503
f9130001
8793a14b
6117f943
01130002
610310e1
997d0781
88639522
007300ee
d4b31050
69f30168
89633050
441303fe
a993481c
ad33f8a9
09b30089
30b302e8
61370102
011b0000
0603e301
00012bf1
50131a8c
10fd0221
34219073
40550933
9b178d85
6117d99b
01130002
04230b21
d41b1d21
64154151
7484041b
16b3d020
703b0049
e4b303fa
446302ff
006303c0
90330764
4833000e
ef930368
dbbb080f
d03b0308
641d02f4
b704041b
6ff3444c
f4933000
d073595c
75133424
89bb2ff7
57bb0217
c8854090
00008137
6081011b
99013503
029150bb
00007137
df81011b
a7c12e03
4014559b
969346d5
07330103
54630242
52930106
3013432b
48b3b939
e87301b6
9e293007
30006673
01161c9b
4010549b
030a8263
033355bb
00e515b3
0063a2b3
41dc5a33
01a53bb3
a0b32093
023485bb
029256b3
6af30001
68f3300d
8bbb3010
08b30088
613701cb
011b0000
6d83c181
5073cd01
9b3b342a
d51b000b
d7b70193
9d3513ac
00e5adb3
03daeb63
00f9121b
03965d33
00006137
0601011b
9ac16b03
22823e93
00007137
7001011b
f6012823
03df8963
901390e6
77f30173
04553010
0158ff63
34115073
0095d693
10500073
01ca5713
b1e2001b
e1938e49
576380a0
4863017c
6433005d
000102d6
fa170001
f9935343
9663bc8a
ca0d0476
0041c733
0190beb3
009c191b
10738ce1
ed253429
821b8e8d
7137cbda
011b0000
07036e01
32338d51
9abb030b
0e1900ab
409852bb
3e3ae013
016a82b3
305061f3
31b360f9
6813010c
d0733ea7
9f95341c
08800e13
300e1273
84adc535
01c15133
0807e793
61178ced
01130002
5083ed21
6117ae81
01130002
1023ec61
4063e7f1
e99304c1
60970809
6033faac
7e33008b
5db30086
56630246
99330275
57bb038b
de330239
8e89409d
686b8093
00db5593
00f2d4b3
fd930472
b37307fd
8cbb300d
9d1d02ed
04904963
038867b3
026180bb
9e819e8d
36103c13
03fcacb3
edb3717d
849d0063
9d11699d
00f00dbb
00006137
2901011b
ab411123
8883e013
00026117
e3c10113
a2815e03
00026117
e3010113
5073d1ca
76bb3425
00010367
61178271
01130002
4403e1a1
0001f901
5a93717d
c0330174
4b8900f2
8ecd8de5
0001587d
0282d63b
407c0233
300020f3
3a13c219
8b63a78a
611700a3
01130002
3583de21
0001c901
40add01b
029e85b3
00007137
5f01011b
56416e03
8d4198f2
56b3cca1
77630258
6173042d
f3333010
c2a901cb
3004fcf3
02fb483b
02a64ebb
051bde97
61370001
011b0000
13830781
8eca55a1
011231b3
34205073
004c503b
00006137
f201011b
83c16d83
48e14793
03f5cd33
02496433
02c766b3
404e0cb3
01a3101b
3007f3f3
d8bb00d5
bab300c4
d03b0395
c53300fd
6117016d
01130002
fd9ad421
402bd6b3
00026117
d3410113
78814a83
407ad01b
305068f3
007a4963
76f39e05
cbb33050
3d330035
61330207
f0630378
53130253
101b0116
203300f7
c66302ae
0a3301b6
e131035a
909b6095
8b3b0195
50730096
8c493413
0196bab3
02e89733
027242bb
07f77713
30073cf3
01a092bb
a3aabc93
e168ba93
00006137
1181011b
41a15603
88b382a2
833b0095
00730363
10730000
8bbb3427
0c9302b4
f3131865
8ce58df7
00a3dc9b
00fdd79b
01669593
02dc0e3b
00100073
163b98fd
e693007c
006375f2
7b9307a4
d49bc754
1a63002f
9e060080
0042923b
bbbdf517
18ebad13
c3330790
e5930379
e195672c
300027f3
81378cad
011b0000
5b03f181
39fdd521
03ffe433
00006137
c101011b
9862508a
d0738cc5
433b342c
f47303c2
943b300a
bdb300b3
0001018e
00f7d8b3
080aea93
83590a8c
0228c03b
02a7fd3b
02b086b3
41a681bb
00007137
9d81011b
51113c23
32738d69
6cbd3010
ab370001
0d8651c3
00833c33
f0358d1b
71370d08
011b0000
0b839281
6117d061
01130002
eb86bc21
911da293
6cb79d81
f2b37666
21170112
003355ed
8cc94072
1bb07a13
029a473b
58930001
f93b035d
dbb30271
717d037b
1c3b0001
66bb00d8
5493027e
001341ee
2df3a50a
20f33050
eb973050
e613cbad
54fd1e20
d63b6179
6e970278
80dadd39
e7bbc19d
71370287
011b0000
2c23b901
c613b101
513759ee
011b0000
56836a81
66137ac1
8c3179fc
ddbbe8b9
ff6303a1
ed190113
00026117
b2410113
35011d03
01e1101b
fe1feb13
41405e1b
01d15a33
77138ed5
cb33060d
de1301a2
6117419d
01130002
1883afa1
0dfdf381
61178e69
01130002
2b03aea1
91b35e81
1d9b00e3
613701c8
011b0000
1723ec81
c833b7c1
80b5004f
00ad7eb3
0cfe6b69
01b8a233
03b13033
0284dd93
03a1a833
020e0b3b
015e54bb
00008137
8201011b
ab412983
028fde13
024b7cb3
41f05733
0077e363
fcb30cd9
ca1302d4
879b2295
c0134614
6593c077
89064d3b
40bdd913
39b7e519
8933f1fc
0ebb0022
d017001a
6117d6ba
01130002
f21ea5a1
300ffcf3
60134c61
9073480b
ea3b342a
611702b7
01130002
2023a3e1
cb637631
1b13036b
61170281
01130002
5e03a2a1
f5333d81
f813022d
8db3a946
64170126
04130002
4c28a124
03245db3
93891b17
01125eb3
41305c93
89b30001
5e330362
641702b6
04130002
4c2c9ee4
407d8333
94fe0001
10338e49
c89301cd
5073a761
6273342e
21fd3010
027e42bb
40d7d03b
00965333
4084d893
305029f3
02dd4bb3
30338d2d
000103f7
012a60b3
018e903b
9c6388e1
50730212
84bb3418
5b1b413b
32730048
00013050
020b0ebb
41f1d213
00026417
98040413
1073d014
974e3414
002a46b3
02b5cb3b
fd338c11
75330182
87f60021
01711d9b
00281463
00c7de63
65159b7d
3e738d45
30fd3000
30007af3
00ab8233
011c003b
007b1933
f4e63493
40e05933
00bc9c9b
027be933
008697b3
ebc90d13
00007137
5101011b
46a11103
03244863
419b0e3b
30503d73
02feccb3
03f08933
10500073
21f38561
2c733010
77bb3050
9e8d022d
0389cb63
a1c38d93
059b5363
50fd016e
c00020f3
73136e13
00681913
faca0013
037aec33
30003773
f7936109
b97307f7
d79b3007
48634087
843a0103
f9f30001
18bb300a
a8930127
8e9bda93
3ab38bae
aeb3023a
fd33002f
000102a7
031480bb
034cc03b
3c930001
701302ad
8b134178
8263eb94
0c3302f4
615940f8
543b8c75
75b34056
f76301a9
573b065a
561303b4
ebbb01a1
8d3303a7
103b41f0
9f2d0141
d8139c8d
2eb302dd
5db3006b
803b0134
bc134056
6421f0c0
fb04041b
f0bbe424
61370394
011b0000
1b83db81
06b3c861
9d3300c4
f6b3017a
993b03b8
f09300c7
61175164
01130002
64c28061
0032d033
341d5073
35b38c31
1c6300b7
d0930039
a23303db
0e13023b
23f30800
6163300e
8189036e
30107573
00025117
7d010113
1193cda6
031301e9
32b332ca
865900d6
01333c7d
dd3b41f9
43110031
00008137
3b81011b
87211583
07330001
a3330038
997d0364
0137101b
4081569b
409fd933
00007137
e701011b
15f109a3
005b513b
0245d1bb
005facb3
00dc4863
30506373
30507273
00ae1993
be93413d
84b3e7ca
d01b40da
9ae64158
00fdba33
00529763
01c49e33
0021199b
7cb3317d
a5330071
b01300e7
81376b19
011b0000
13233101
1e63b611
1b7d0212
02e9d6b3
00a65b63
02eb4733
015b54bb
41315bbb
401f88bb
00014d41
30503e73
032fc7b3
30106573
290ac213
3423d073
40085213
8b36ca39
40f70033
0162dab3
301037f3
02938b63
080cec93
0123dcb3
907306b9
5417341f
04130002
707c6ca4
0070923b
00025117
6bc10113
e1376d06
2473a938
25f33000
5e1b3050
89134105
74f379f5
51bb3004
5eb30040
9f9541bd
f88b2013
77b30001
67f30316
8e723050
05737d63
03f29863
003a3933
00025117
67410113
17015203
f8938629
bbf307f8
593b3008
90ce01ad
ce130001
614988f8
0282023b
032a6563
01fa6433
005952b3
0366d03b
0386d733
02bd3233
0159a333
5a9b8dc1
403b00a1
9b6303f6
01910315
07639a76
0e6305a8
71370280
011b0000
0503bd01
8e7d4b41
11370001
62b3e651
78f3007a
8ee53000
ea93824d
000160f7
d8338cd5
d2630031
a0b30440
a9330088
a6b302cc
1db300f3
8e6d03b2
0090523b
0ec96d93
20f31d04
9073f140
87ee342b
d3339d11
fa9740c3
717d00a8
60ac6597
007c1a63
6bf30001
77b33010
8039022d
00369cb3
fdbb9cb6
7ef30319
39fd3010
300026f3
009d1b9b
04d20263
0348e83b
f91308d2
ebb3f0ce
cbb30284
f96300e4
0b150323
9a7d717d
8137527d
011b0000
3023a801
90968c31
033a0a33
03f5f313
30106d73
15b90a1b
30102c73
01540e3b
10b38db1
871b004d
5137f5d3
011b0000
6e832a01
20133cc1
843b6712
8d224043
0340ae33
2b338ec9
9ede0342
00dfc7b3
03112c33
00025117
50c10113
17fd7426
404056b3
0375c8bb
00738d25
ae171050
72b316b3
aab3025e
8e6902c8
60b385e1
cdbb00db
5a130270
8137416e
011b0000
6b83fd81
88eafa01
ea8920f5
06c2e163
10500073
06b26063
6aa64193
41faa813
06831663
003d9c3b
00025117
4a810113
8033e8e6
76330251
d03b0301
713700da
011b0000
20233d01
69135e11
38fd0809
00007137
c301011b
a2936396
833b2a57
00014165
02c7b1b3
00738b66
8c721050
03c202bb
00e81963
40545013
014e5533
45b36489
803b0136
91720303
01d5969b
00001233
01695913
5ba3cb93
415c5e9b
7033841d
e77303fa
101b300a
25b901db
56b3e915
6e3b0003
e83302ba
051302f1
8ccd59f3
00b30533
4178da9b
416ed313
00008137
a281011b
82816d03
01f0c433
00d2c663
10fd2535
40c1db9b
4b232593
83639e05
2085012f
30fd8d09
0013d61b
01585663
038a7133
8ee99e15
012e7c33
9116717d
00db1533
0106909b
00e9d41b
5db38e55
b8134069
50fd82af
8ef26159
024645bb
00bc0863
0255b7b3
02cbc93b
405bd9bb
02f0fb63
00007137
8001011b
217101a3
8dcd9ade
043e5163
9bbb00ea
529301b4
08bb434d
12130114
10730164
17373425
56bb5e36
856540b3
00006137
c201011b
64f10003
0001c5a1
30738ab9
3df33050
c7b73050
fd63225c
9da5006a
00f4d43b
0059023b
30509073
0d46fe13
00775763
412c8cbb
ce330001
9f3100b5
00008137
d581011b
cf215003
00a2f7b3
9eb145cd
00007137
b701011b
a8215403
0e418b1b
00025117
2ec10113
c6810603
0675ca93
3df2a293
02f80863
01ba8033
29f8029b
00025117
2cc10113
27212c23
417407b3
50bb0962
f1bb414b
2a130202
823b8432
6dfd0232
05601e63
00739e3b
34261073
b2131dfd
7333e411
813701c7
011b0000
6883d081
f2932341
8c33b400
066d009b
00025117
27c10113
93636c4a
19bb0243
8dc901b7
00025117
26810113
ffc12423
4033533b
30003a73
8d359a7d
30006373
13630c4e
037200f2
979380fe
97d6010a
00025117
23c10113
e6014103
07638d2d
81370318
011b0000
3423b401
ee3334d1
8c330014
003b4075
e90902ba
036c8bb3
64a22013
03afaeb3
029edd93
00e15033
636305ba
51170443
01130002
eb0e1f61
5117717d
01130002
4a831ea1
6337c981
0b639a45
b5330520
9f310224
713720ed
011b0000
5a52fd01
03a9413b
3001f573
0227d2bb
30507473
036a603b
01fe1993
dab3717d
059b035d
9cb1abf3
00005137
5601011b
f0134646
f43b2aa2
193b029f
9a330071
98b2022b
7ada4693
23184017
0037cc63
00c1dd1b
4035da3b
0267d6bb
d13b8e31
0a720095
61d4a513
00008137
9081011b
fc813d83
f03b8e15
501b034b
d01b00f1
579b01e3
d61b00cb
809d0187
0218c1b3
035bd363
03f8c2b3
83324865
03b2d0bb
0108d833
0202f13b
81256085
563302ed
f3130003
99fda233
0419f763
69532013
5073997d
79b3341c
24d100d4
02168433
60f99ea1
341c1073
00c01233
7047f313
1836c013
e01300a6
6b3bbdf7
691302fc
b2130809
9f63044e
d41b0091
c0b3012d
d81301b9
8ca141f5
ba8ac613
4131d01b
342b1073
26339e29
8e1b0196
4463873f
dbb30906
e26302bd
511703c3
01130002
6fd209e1
022b18b3
410700bb
00006137
5401011b
4013ff86
fbbb3c77
de1b029e
5c3341f5
f5930294
9e09472f
681aa513
0119933b
907325dd
a7933010
55330233
5417418d
04130002
f4740564
4121803b
08000a13
300a1273
30107973
02f67933
40255eb3
00025117
03410113
a8610423
01b07033
02b332fd
ab13408e
6e630669
dc330127
43330345
b333032e
e0bb0090
e4130275
111b8441
98b30135
a4330063
641d03d0
6e04041b
1013c844
d07300ad
82d13421
c13b8ec9
551b033f
713740f6
31610000
8c013b83
03547263
031eb933
41675833
000d75b3
01990a3b
0396b633
000a51b3
e0b25017
04789a63
db840d93
020d87bb
40d304bb
041b6421
402cb604
00004023
405b5913
92866611
00025117
f8c10113
9a510423
0313aeb3
5f6382d1
4693000b
5117e7f4
01130002
c98af721
0103aab3
341e9073
2c2a7113
4031da9b
00007137
f901011b
96412823
00008137
c181011b
a6d11f23
d71b9d0d
edb740ec
edf3b99c
8e513002
418ed4b3
013fa833
00025117
f2810113
94016583
76938ac5
5f63dedb
90330337
e51300d3
c0b3022c
8c3b01fd
88b30110
d033010a
003b41a5
e6730065
191b3006
e2b700aa
8333ee54
27330385
8d35035d
3004e073
029d6013
418108b3
38338cb9
8c8500ad
00025117
ecc10113
4e711823
62f30742
ff633010
023b033e
5b9b0252
59fd41b4
fa3337fd
6d730014
4c333003
c7930022
077eda8f
02917663
827d8ec1
400e5c93
2a710001
00006137
bb81011b
77812483
0079f033
fd952e13
016451bb
036b9213
de9b8eb1
8eb540ee
01ffe763
02d89733
7863e711
85a90471
0116ca33
cb638acd
eb3b030c
641902ed
ae04041b
117df068
4011d91b
05505163
ee638565
90f60394
ef1aab13
00025117
e2810113
57811023
cdc98c13
00706c63
8a42e293
30003d73
edb30001
5d33005a
8d2d0292
31730001
7d733000
90133000
4efd00ab
02c895b3
0a83e737
300dfff3
0379b033
d0738979
61373418
011b0000
02a3d801
71bba8d1
8ec903f7
40c8d813
002cb8b3
6419717d
f504041b
909ef060
a033e909
5117028b
01130002
2023dae1
6cc5a631
0000601b
00000f97
014f8f93
000f80e7
b0d9089b
01cfc933
40ba0fb3
7ff0801b
00000000
00000000
00000000
00000000
00000000
00000000
00000000
00000000
00000000
00000000
00000000
00000000
00000000
00000000
00000000
00000000
00000000
00000000
00000000
00000000
00000000
00000000
00000000
00000000
00000000
00000000
00000000
00000000
00000000
00000000
00000000
00000000
00000000
00000000
00000000
00000000
00000000
00000000
00000000
00000000
00000000
00000000
00000000
00000000
00000000
00000000
00000000
00000000
00000000
00000000
00000000
00000000
00000000
00000000
00000000
00000000
00000000
00000000
00000000
00000000
00000000
00000000
00000000
00000000
00000000
00000000
00000000
00000000
00000000
00000000
00000000
00000000
00000000
00000000
00000000
00000000
00000000
00000000
00000000
00000000
00000000
00000000
00000000
00000000
00000000
00000000
00000000
00000000
00000000
00000000
00000000
00000000
00000000
00000000
00000000
00000000
00000000
00000000
00000000
00000000
00000000
00000000
00000000
00000000
00000000
00000000
00000000
00000000
00000000
00000000
00000000
00000000
00000000
00000000
00000000
00000000
00000000
00000000
00000000
00000000
00000000
00000000
00000000
00000000
00000000
00000000
00000000
00000000
00000000
00000000
00000000
00000000
00000000
00000000
00000000
00000000
00000000
00000000
00000000
00000000
00000000
00000000
00000000
00000000
00000000
00000000
00000000
00000000
00000000
00000000
00000000
00000000
00000000
00000000
00000000
00000000
00000000
00000000
00000000
00000000
11111111
11111111
11111111
11111111
11111111
11111111
11111111
11111111
11111111
11111111
11111111
11111111
11111111
11111111
11111111
11111111
11111111
11111111
11111111
11111111
11111111
11111111
11111111
11111111
11111111
11111111
11111111
11111111
11111111
11111111
11111111
11111111
11111111
11111111
11111111
11111111
11111111
11111111
11111111
11111111
11111111
11111111
11111111
11111111
11111111
11111111
11111111
11111111
11111111
11111111
11111111
11111111
11111111
11111111
11111111
11111111
11111111
11111111
11111111
11111111
11111111
11111111
11111111
11111111
11111111
11111111
11111111
11111111
11111111
11111111
11111111
11111111
11111111
11111111
11111111
11111111
11111111
11111111
11111111
11111111
11111111
11111111
11111111
11111111
11111111
11111111
11111111
11111111
11111111
11111111
11111111
11111111
11111111
11111111
11111111
11111111
11111111
11111111
11111111
11111111
11111111
11111111
11111111
11111111
11111111
11111111
11111111
11111111
11111111
11111111
11111111
11111111
11111111
11111111
11111111
11111111
11111111
11111111
11111111
11111111
11111111
11111111
11111111
11111111
11111111
11111111
11111111
11111111
11111111
11111111
11111111
11111111
11111111
11111111
11111111
11111111
11111111
11111111
11111111
11111111
11111111
11111111
11111111
11111111
11111111
11111111
11111111
11111111
11111111
11111111
11111111
11111111
11111111
11111111
11111111
11111111
11111111
11111111
11111111
11111111
11111111
11111111
11111111
11111111
11111111
11111111
11111111
11111111
11111111
11111111
11111111
11111111
11111111
11111111
11111111
11111111
11111111
11111111
11111111
11111111
11111111
11111111
11111111
11111111
11111111
11111111
11111111
11111111
11111111
11111111
11111111
11111111
11111111
11111111
11111111
11111111
11111111
11111111
11111111
11111111
11111111
11111111
11111111
11111111
11111111
11111111
11111111
11111111
11111111
11111111
11111111
11111111
11111111
11111111
11111111
11111111
11111111
11111111
11111111
11111111
11111111
11111111
11111111
11111111
11111111
11111111
11111111
11111111
11111111
11111111
11111111
11111111
11111111
11111111
11111111
11111111
11111111
11111111
11111111
11111111
11111111
11111111
11111111
11111111
11111111
11111111
11111111
11111111
11111111
11111111
11111111
11111111
11111111
11111111
11111111
11111111
11111111
11111111
11111111
11111111
11111111
11111111
11111111
11111111
11111111
11111111
11111111
11111111
11111111
11111111
11111111
11111111
11111111
11111111
11111111
11111111
11111111
11111111
11111111
11111111
11111111
11111111
11111111
11111111
11111111
11111111
11111111
11111111
11111111
11111111
11111111
11111111
11111111
11111111
11111111
11111111
11111111
11111111
11111111
11111111
11111111
11111111
11111111
11111111
11111111
11111111
11111111
11111111
11111111
11111111
11111111
11111111
11111111
11111111
11111111
11111111
11111111
11111111
11111111
11111111
11111111
11111111
11111111
11111111
11111111
11111111
11111111
11111111
11111111
11111111
11111111
11111111
11111111
11111111
11111111
11111111
11111111
11111111
11111111
11111111
11111111
11111111
11111111
11111111
11111111
11111111
11111111
11111111
11111111
11111111
11111111
11111111
11111111
11111111
11111111
11111111
11111111
11111111
11111111
11111111
11111111
11111111
11111111
11111111
11111111
11111111
11111111
11111111
11111111
11111111
11111111
11111111
11111111
11111111
11111111
11111111
11111111
11111111
11111111
11111111
11111111
11111111
11111111
11111111
11111111
11111111
11111111
11111111
11111111
11111111
11111111
11111111
11111111
11111111
11111111
11111111
11111111
11111111
11111111
11111111
11111111
11111111
11111111
11111111
11111111
11111111
11111111
11111111
11111111
11111111
11111111
11111111
11111111
11111111
11111111
11111111
11111111
11111111
11111111
11111111
11111111
11111111
11111111
11111111
11111111
11111111
11111111
11111111
11111111
11111111
11111111
11111111
11111111
11111111
11111111
11111111
11111111
11111111
11111111
11111111
11111111
11111111
11111111
11111111
11111111
11111111
11111111
11111111
11111111
11111111
11111111
11111111
11111111
11111111
11111111
11111111
11111111
11111111
11111111
11111111
11111111
11111111
11111111
11111111
11111111
11111111
11111111
11111111
11111111
11111111
11111111
11111111
11111111
11111111
11111111
11111111
11111111
11111111
11111111
11111111
11111111
11111111
11111111
11111111
11111111
11111111
11111111
11111111
11111111
11111111
11111111
11111111
11111111
11111111
11111111
11111111
11111111
11111111
11111111
11111111
11111111
11111111
11111111
11111111
11111111
11111111
11111111
11111111
11111111
11111111
11111111
11111111
11111111
11111111
11111111
11111111
11111111
11111111
11111111
11111111
11111111
11111111
11111111
11111111
11111111
11111111
11111111
11111111
11111111
11111111
11111111
11111111
11111111
11111111
11111111
11111111
11111111
11111111
11111111
11111111
11111111
11111111
11111111
11111111
11111111
11111111
11111111
11111111
11111111
11111111
11111111
11111111
11111111
11111111
11111111
11111111
11111111
11111111
11111111
11111111
11111111
11111111
11111111
11111111
11111111
11111111
11111111
11111111
11111111
11111111
11111111
11111111
11111111
11111111
11111111
11111111
11111111
11111111
11111111
11111111
11111111
11111111
11111111
11111111
11111111
11111111
11111111
11111111
11111111
11111111
11111111
11111111
11111111
11111111
11111111
11111111
11111111
11111111
11111111
11111111
11111111
11111111
11111111
11111111
11111111
11111111
11111111
11111111
11111111
11111111
11111111
11111111
11111111
11111111
11111111
11111111
11111111
11111111
11111111
11111111
11111111
11111111
11111111
11111111
11111111
11111111
11111111
11111111
11111111
11111111
11111111
11111111
11111111
11111111
11111111
11111111
11111111
11111111
11111111
11111111
11111111
11111111
11111111
11111111
11111111
11111111
11111111
11111111
11111111
11111111
11111111
11111111
11111111
11111111
11111111
11111111
11111111
11111111
11111111
11111111
11111111
11111111
11111111
11111111
11111111
11111111
11111111
11111111
11111111
11111111
11111111
11111111
11111111
11111111
11111111
11111111
11111111
11111111
11111111
11111111
11111111
11111111
11111111
11111111
11111111
11111111
11111111
11111111
11111111
11111111
11111111
11111111
11111111
11111111
11111111
11111111
11111111
11111111
11111111
11111111
11111111
11111111
11111111
11111111
11111111
11111111
11111111
11111111
11111111
11111111
11111111
11111111
11111111
11111111
11111111
11111111
11111111
11111111
11111111
11111111
11111111
11111111
11111111
11111111
11111111
11111111
11111111
11111111
11111111
11111111
11111111
11111111
11111111
11111111
11111111
11111111
11111111
11111111
11111111
11111111
11111111
11111111
11111111
11111111
11111111
11111111
11111111
11111111
11111111
11111111
11111111
11111111
11111111
11111111
11111111
11111111
11111111
11111111
11111111
11111111
11111111
11111111
11111111
11111111
11111111
11111111
11111111
11111111
11111111
11111111
11111111
11111111
11111111
11111111
11111111
11111111
11111111
11111111
11111111
11111111
11111111
11111111
11111111
11111111
11111111
11111111
11111111
11111111
11111111
11111111
11111111
11111111
11111111
11111111
11111111
11111111
11111111
11111111
11111111
11111111
11111111
11111111
11111111
11111111
11111111
11111111
11111111
11111111
11111111
11111111
11111111
11111111
11111111
11111111
11111111
11111111
11111111
11111111
11111111
11111111
11111111
11111111
11111111
11111111
11111111
11111111
11111111
11111111
11111111
11111111
11111111
11111111
11111111
11111111
11111111
11111111
11111111
11111111
11111111
11111111
11111111
11111111
11111111
11111111
11111111
11111111
11111111
11111111
11111111
11111111
11111111
11111111
11111111
11111111
11111111
11111111
11111111
11111111
11111111
11111111
11111111
11111111
11111111
11111111
11111111
11111111
11111111
11111111
11111111
11111111
11111111
11111111
11111111
11111111
11111111
11111111
11111111
11111111
11111111
11111111
11111111
11111111
11111111
11111111
11111111
11111111
11111111
11111111
11111111
11111111
11111111
11111111
11111111
11111111
11111111
11111111
11111111
11111111
11111111
11111111
11111111
11111111
11111111
11111111
11111111
11111111
11111111
11111111
11111111
11111111
11111111
11111111
11111111
11111111
11111111
11111111
11111111
11111111
11111111
11111111
11111111
11111111
11111111
11111111
11111111
11111111
11111111
11111111
11111111
11111111
11111111
11111111
11111111
11111111
11111111
11111111
11111111
11111111
11111111
11111111
11111111
11111111
11111111
11111111
11111111
11111111
11111111
11111111
11111111
11111111
11111111
11111111
11111111
11111111
11111111
11111111
11111111
11111111
11111111
11111111
11111111
11111111
11111111
11111111
11111111
11111111
11111111
11111111
11111111
11111111
11111111
11111111
11111111
11111111
11111111
11111111
11111111
11111111
11111111
11111111
11111111
11111111
11111111
11111111
11111111
11111111
11111111
11111111
11111111
11111111
11111111
11111111
11111111
11111111
11111111
11111111
11111111
11111111
11111111
11111111
11111111
11111111
11111111
11111111
11111111
11111111
11111111
11111111
11111111
11111111
11111111
11111111
11111111
11111111
11111111
11111111
11111111
11111111
11111111
11111111
11111111
11111111
11111111
11111111
11111111
11111111
11111111
11111111
11111111
11111111
11111111
11111111
11111111
11111111
11111111
11111111
11111111
11111111
11111111
11111111
11111111
11111111
11111111
11111111
11111111
11111111
11111111
11111111
11111111
11111111
11111111
11111111
11111111
11111111
11111111
11111111
11111111
11111111
11111111
11111111
11111111
11111111
11111111
11111111
11111111
11111111
11111111
11111111
11111111
11111111
11111111
11111111
11111111
11111111
11111111
11111111
11111111
11111111
11111111
11111111
11111111
11111111
11111111
11111111
11111111
11111111
11111111
11111111
11111111
11111111
11111111
11111111
11111111
11111111
11111111
11111111
11111111
11111111
11111111
11111111
11111111
11111111
11111111
11111111
11111111
11111111
11111111
11111111
11111111
11111111
11111111
11111111
11111111
11111111
11111111
11111111
11111111
11111111
11111111
11111111
11111111
11111111
11111111
11111111
11111111
11111111
11111111
11111111
11111111
11111111
11111111
11111111
11111111
11111111
11111111
11111111
11111111
11111111
11111111
11111111
11111111
11111111
11111111
11111111
11111111
11111111
11111111
11111111
11111111
11111111
11111111
11111111
11111111
11111111
11111111
11111111
11111111
11111111
11111111
11111111
11111111
11111111
11111111
11111111
11111111
11111111
11111111
11111111
11111111
11111111
11111111
11111111
11111111
11111111
11111111
11111111
11111111
11111111
11111111
11111111
11111111
11111111
11111111
11111111
11111111
11111111
11111111
11111111
11111111
11111111
11111111
11111111
11111111
11111111
11111111
11111111
11111111
11111111
11111111
11111111
11111111
11111111
11111111
11111111
11111111
11111111
11111111
11111111
11111111
11111111
11111111
11111111
11111111
11111111
11111111
11111111
11111111
11111111
11111111
11111111
11111111
11111111
11111111
11111111
11111111
11111111
11111111
11111111
11111111
11111111
11111111
11111111
11111111
11111111
11111111
11111111
11111111
11111111
11111111
11111111
11111111
11111111
11111111
11111111
11111111
11111111
11111111
11111111
11111111
11111111
11111111
11111111
11111111
11111111
11111111
11111111
11111111
11111111
11111111
11111111
11111111
11111111
11111111
11111111
11111111
11111111
11111111
11111111
11111111
11111111
11111111
11111111
11111111
11111111
11111111
11111111
11111111
11111111
11111111
11111111
11111111
11111111
11111111
11111111
11111111
11111111
11111111
11111111
11111111
11111111
11111111
11111111
11111111
11111111
11111111
11111111
11111111
11111111
11111111
11111111
11111111
11111111
11111111
11111111
11111111
11111111
11111111
11111111
11111111
11111111
11111111
11111111
11111111
11111111
11111111
11111111
11111111
11111111
11111111
11111111
11111111
11111111
11111111
11111111
11111111
11111111
11111111
11111111
11111111
11111111
11111111
11111111
11111111
11111111
11111111
11111111
11111111
11111111
11111111
11111111
11111111
11111111
11111111
11111111
11111111
11111111
11111111
11111111
11111111
11111111
11111111
11111111
11111111
11111111
11111111
11111111
11111111
11111111
11111111
11111111
11111111
11111111
11111111
11111111
11111111
11111111
11111111
11111111
11111111
11111111
11111111
11111111
11111111
11111111
11111111
11111111
11111111
11111111
11111111
11111111
11111111
11111111
11111111
11111111
11111111
11111111
11111111
11111111
11111111
11111111
11111111
11111111
11111111
11111111
11111111
11111111
11111111
11111111
11111111
11111111
11111111
11111111
11111111
11111111
11111111
11111111
11111111
11111111
11111111
11111111
11111111
11111111
11111111
11111111
11111111
11111111
11111111
11111111
11111111
11111111
11111111
11111111
11111111
11111111
11111111
11111111
11111111
11111111
11111111
11111111
11111111
11111111
11111111
11111111
11111111
11111111
11111111
11111111
11111111
11111111
11111111
11111111
11111111
11111111
11111111
11111111
11111111
11111111
11111111
11111111
11111111
11111111
11111111
11111111
11111111
11111111
11111111
11111111
11111111
11111111
11111111
11111111
11111111
11111111
11111111
11111111
11111111
11111111
11111111
11111111
11111111
11111111
11111111
11111111
11111111
11111111
11111111
11111111
11111111
11111111
11111111
11111111
11111111
11111111
11111111
11111111
11111111
11111111
11111111
11111111
11111111
11111111
11111111
11111111
11111111
11111111
11111111
11111111
11111111
11111111
11111111
11111111
11111111
11111111
11111111
11111111
11111111
11111111
11111111
11111111
11111111
11111111
11111111
11111111
11111111
11111111
11111111
11111111
11111111
11111111
11111111
11111111
11111111
11111111
11111111
11111111
11111111
11111111
11111111
11111111
11111111
11111111
11111111
11111111
11111111
11111111
11111111
11111111
11111111
11111111
11111111
11111111
11111111
11111111
11111111
11111111
11111111
11111111
11111111
11111111
11111111
11111111
11111111
11111111
11111111
11111111
11111111
11111111
11111111
11111111
11111111
11111111
11111111
11111111
11111111
11111111
11111111
11111111
11111111
11111111
11111111
11111111
11111111
11111111
11111111
11111111
11111111
11111111
11111111
11111111
11111111
11111111
11111111
11111111
11111111
11111111
11111111
11111111
11111111
11111111
11111111
11111111
11111111
11111111
11111111
11111111
11111111
11111111
11111111
11111111
11111111
11111111
11111111
11111111
11111111
11111111
11111111
11111111
11111111
11111111
11111111
11111111
11111111
11111111
11111111
11111111
11111111
11111111
11111111
11111111
11111111
11111111
11111111
11111111
11111111
11111111
11111111
11111111
11111111
11111111
11111111
11111111
11111111
11111111
11111111
11111111
11111111
11111111
11111111
11111111
11111111
11111111
11111111
11111111
11111111
11111111
11111111
11111111
11111111
11111111
11111111
11111111
11111111
11111111
11111111
11111111
11111111
11111111
11111111
11111111
11111111
11111111
11111111
11111111
11111111
11111111
11111111
11111111
11111111
11111111
11111111
11111111
11111111
11111111
11111111
11111111
11111111
11111111
11111111
11111111
11111111
11111111
11111111
11111111
11111111
11111111
11111111
11111111
11111111
11111111
11111111
11111111
11111111
11111111
11111111
11111111
11111111
11111111
11111111
11111111
11111111
11111111
11111111
11111111
11111111
11111111
11111111
11111111
11111111
11111111
11111111
11111111
11111111
11111111
11111111
11111111
11111111
11111111
11111111
11111111
11111111
11111111
11111111
11111111
11111111
11111111
11111111
11111111
11111111
11111111
11111111
11111111
11111111
11111111
11111111
11111111
11111111
11111111
11111111
11111111
11111111
11111111
11111111
11111111
11111111
11111111
11111111
11111111
11111111
11111111
11111111
11111111
11111111
11111111
11111111
11111111
11111111
11111111
11111111
11111111
11111111
11111111
11111111
11111111
11111111
11111111
11111111
11111111
11111111
11111111
11111111
11111111
11111111
11111111
11111111
11111111
11111111
11111111
11111111
11111111
11111111
11111111
11111111
11111111
11111111
11111111
11111111
11111111
11111111
11111111
11111111
11111111
11111111
11111111
11111111
11111111
11111111
11111111
11111111
11111111
11111111
11111111
11111111
11111111
11111111
11111111
11111111
11111111
11111111
11111111
11111111
11111111
11111111
11111111
11111111
11111111
11111111
11111111
11111111
11111111
11111111
11111111
11111111
11111111
11111111
11111111
11111111
11111111
11111111
11111111
11111111
11111111
11111111
11111111
11111111
11111111
11111111
11111111
11111111
11111111
11111111
11111111
11111111
11111111
11111111
11111111
11111111
11111111
11111111
11111111
11111111
11111111
11111111
11111111
11111111
11111111
11111111
11111111
11111111
11111111
11111111
11111111
11111111
11111111
11111111
11111111
11111111
11111111
11111111
11111111
11111111
11111111
11111111
11111111
11111111
11111111
11111111
11111111
11111111
11111111
11111111
11111111
11111111
11111111
11111111
11111111
11111111
11111111
11111111
11111111
11111111
11111111
11111111
11111111
11111111
11111111
11111111
11111111
11111111
11111111
11111111
11111111
11111111
11111111
11111111
11111111
11111111
11111111
11111111
11111111
11111111
11111111
11111111
11111111
11111111
11111111
11111111
11111111
11111111
11111111
11111111
11111111
11111111
11111111
11111111
11111111
11111111
11111111
11111111
11111111
11111111
11111111
11111111
11111111
11111111
11111111
11111111
11111111
11111111
11111111
11111111
11111111
11111111
11111111
11111111
11111111
11111111
11111111
11111111
11111111
11111111
11111111
11111111
11111111
11111111
11111111
11111111
11111111
11111111
11111111
11111111
11111111
11111111
11111111
11111111
11111111
11111111
11111111
11111111
11111111
11111111
11111111
11111111
11111111
11111111
11111111
11111111
11111111
11111111
11111111
11111111
11111111
11111111
11111111
11111111
11111111
11111111
11111111
11111111
11111111
11111111
11111111
11111111
11111111
11111111
11111111
11111111
11111111
11111111
11111111
11111111
11111111
11111111
11111111
11111111
11111111
11111111
11111111
11111111
11111111
11111111
11111111
11111111
11111111
11111111
11111111
11111111
11111111
11111111
11111111
11111111
11111111
11111111
11111111
11111111
11111111
11111111
11111111
11111111
11111111
11111111
11111111
11111111
11111111
11111111
11111111
11111111
11111111
11111111
11111111
11111111
11111111
11111111
11111111
11111111
11111111
11111111
11111111
11111111
11111111
11111111
11111111
11111111
11111111
11111111
11111111
11111111
11111111
11111111
11111111
11111111
11111111
11111111
11111111
11111111
11111111
11111111
11111111
11111111
11111111
11111111
11111111
11111111
11111111
11111111
11111111
11111111
11111111
11111111
11111111
11111111
11111111
11111111
11111111
11111111
11111111
11111111
11111111
11111111
11111111
11111111
11111111
11111111
11111111
11111111
11111111
11111111
11111111
11111111
11111111
11111111
11111111
11111111
11111111
11111111
11111111
11111111
11111111
11111111
11111111
11111111
11111111
11111111
11111111
11111111
11111111
11111111
11111111
11111111
11111111
11111111
11111111
11111111
11111111
11111111
11111111
11111111
11111111
11111111
11111111
11111111
11111111
11111111
11111111
11111111
11111111
11111111
11111111
11111111
11111111
11111111
11111111
11111111
11111111
11111111
11111111
11111111
11111111
11111111
11111111
11111111
11111111
11111111
11111111
11111111
11111111
11111111
11111111
11111111
11111111
11111111
11111111
11111111
11111111
11111111
11111111
11111111
11111111
11111111
11111111
11111111
11111111
11111111
11111111
11111111
11111111
11111111
11111111
11111111
11111111
11111111
11111111
11111111
11111111
11111111
11111111
11111111
11111111
11111111
11111111
11111111
11111111
11111111
11111111
11111111
11111111
11111111
11111111
11111111
11111111
11111111
11111111
11111111
11111111
11111111
11111111
11111111
11111111
11111111
11111111
11111111
11111111
11111111
11111111
11111111
11111111
11111111
11111111
11111111
11111111
11111111
11111111
11111111
11111111
11111111
11111111
11111111
11111111
11111111
11111111
11111111
11111111
11111111
11111111
11111111
11111111
11111111
11111111
11111111
11111111
11111111
11111111
11111111
11111111
11111111
11111111
11111111
11111111
11111111
11111111
11111111
11111111
11111111
11111111
11111111
11111111
11111111
11111111
11111111
11111111
11111111
11111111
11111111
11111111
11111111
11111111
11111111
11111111
11111111
11111111
11111111
11111111
11111111
11111111
11111111
11111111
11111111
11111111
11111111
11111111
11111111
11111111
11111111
11111111
11111111
11111111
11111111
11111111
11111111
11111111
11111111
11111111
11111111
11111111
11111111
11111111
11111111
11111111
11111111
11111111
11111111
11111111
11111111
11111111
11111111
11111111
11111111
11111111
11111111
11111111
11111111
11111111
11111111
11111111
11111111
11111111
11111111
11111111
11111111
11111111
11111111
11111111
11111111
11111111
11111111
11111111
11111111
11111111
11111111
11111111
11111111
11111111
11111111
11111111
11111111
11111111
11111111
11111111
11111111
11111111
11111111
11111111
11111111
11111111
11111111
11111111
11111111
11111111
11111111
11111111
11111111
11111111
11111111
11111111
11111111
11111111
11111111
11111111
11111111
11111111
11111111
11111111
11111111
11111111
11111111
11111111
11111111
11111111
11111111
11111111
11111111
11111111
11111111
11111111
11111111
11111111
11111111
11111111
11111111
11111111
11111111
11111111
11111111
11111111
11111111
11111111
11111111
11111111
11111111
11111111
11111111
11111111
11111111
11111111
11111111
11111111
11111111
11111111
11111111
11111111
11111111
11111111
11111111
11111111
11111111
11111111
11111111
11111111
11111111
11111111
11111111
11111111
11111111
11111111
11111111
11111111
11111111
11111111
11111111
11111111
11111111
11111111
11111111
11111111
11111111
11111111
11111111
11111111
11111111
11111111
11111111
11111111
11111111
11111111
11111111
11111111
11111111
11111111
11111111
11111111
11111111
11111111
11111111
11111111
11111111
11111111
11111111
11111111
11111111
11111111
11111111
11111111
11111111
11111111
11111111
11111111
11111111
11111111
11111111
11111111
11111111
11111111
11111111
11111111
11111111
11111111
11111111
11111111
11111111
11111111
11111111
11111111
11111111
11111111
11111111
11111111
11111111
11111111
11111111
11111111
11111111
11111111
11111111
11111111
11111111
11111111
11111111
11111111
11111111
11111111
11111111
11111111
11111111
11111111
11111111
11111111
11111111
11111111
11111111
11111111
11111111
11111111
11111111
11111111
11111111
11111111
11111111
11111111
11111111
11111111
11111111
11111111
11111111
11111111
11111111
11111111
11111111
11111111
11111111
11111111
11111111
11111111
11111111
11111111
11111111
11111111
11111111
11111111
11111111
11111111
11111111
11111111
11111111
11111111
11111111
11111111
11111111
11111111
11111111
11111111
11111111
11111111
11111111
11111111
11111111
11111111
11111111
11111111
11111111
11111111
11111111
11111111
11111111
11111111
11111111
11111111
11111111
11111111
11111111
11111111
11111111
11111111
11111111
11111111
11111111
11111111
11111111
11111111
11111111
11111111
11111111
11111111
11111111
11111111
11111111
11111111
11111111
11111111
11111111
11111111
11111111
11111111
11111111
11111111
11111111
11111111
11111111
11111111
11111111
11111111
11111111
11111111
11111111
11111111
11111111
11111111
11111111
11111111
11111111
11111111
11111111
11111111
11111111
11111111
11111111
11111111
11111111
11111111
11111111
11111111
11111111
11111111
11111111
11111111
11111111
11111111
11111111
11111111
11111111
11111111
11111111
11111111
11111111
11111111
11111111
11111111
11111111
11111111
11111111
11111111
11111111
11111111
11111111
11111111
11111111
11111111
11111111
11111111
11111111
11111111
11111111
11111111
11111111
11111111
11111111
11111111
11111111
11111111
11111111
11111111
11111111
11111111
11111111
11111111
11111111
11111111
11111111
11111111
11111111
11111111
11111111
11111111
11111111
11111111
11111111
11111111
11111111
11111111
11111111
11111111
11111111
11111111
11111111
11111111
11111111
11111111
11111111
11111111
11111111
11111111
11111111
11111111
11111111
11111111
11111111
11111111
11111111
11111111
11111111
11111111
11111111
11111111
11111111
11111111
11111111
11111111
11111111
11111111
11111111
11111111
11111111
11111111
11111111
11111111
11111111
11111111
11111111
11111111
11111111
11111111
11111111
11111111
11111111
11111111
11111111
11111111
11111111
11111111
11111111
11111111
11111111
11111111
11111111
11111111
11111111
11111111
11111111
11111111
11111111
11111111
11111111
11111111
11111111
11111111
11111111
11111111
11111111
11111111
11111111
11111111
11111111
11111111
11111111
11111111
11111111
11111111
11111111
11111111
11111111
11111111
11111111
11111111
00010203
04050607
08090a0b
0c0d0e0f
10111213
14151617
18191a1b
1c1d1e1f
20212223
24252627
28292a2b
2c2d2e2f
30313233
34353637
38393a3b
3c3d3e3f
40414243
44454647
48494a4b
4c4d4e4f
50515253
54555657
58595a5b
5c5d5e5f
60616263
64656667
68696a6b
6c6d6e6f
70717273
74757677
78797a7b
7c7d7e7f
80818283
84858687
88898a8b
8c8d8e8f
90919293
94959697
98999a9b
9c9d9e9f
a0a1a2a3
a4a5a6a7
a8a9aaab
acadaeaf
b0b1b2b3
b4b5b6b7
b8b9babb
bcbdbebf
c0c1c2c3
c4c5c6c7
c8c9cacb
cccdcecf
d0d1d2d3
d4d5d6d7
d8d9dadb
dcdddedf
e0e1e2e3
e4e5e6e7
e8e9eaeb
ecedeeef
f0f1f2f3
f4f5f6f7
f8f9fafb
fcfdfeff
00010203
04050607
08090a0b
0c0d0e0f
10111213
14151617
18191a1b
1c1d1e1f
20212223
24252627
28292a2b
2c2d2e2f
30313233
34353637
38393a3b
3c3d3e3f
40414243
44454647
48494a4b
4c4d4e4f
50515253
54555657
58595a5b
5c5d5e5f
60616263
64656667
68696a6b
6c6d6e6f
70717273
74757677
78797a7b
7c7d7e7f
80818283
84858687
88898a8b
8c8d8e8f
90919293
94959697
98999a9b
9c9d9e9f
a0a1a2a3
a4a5a6a7
a8a9aaab
acadaeaf
b0b1b2b3
b4b5b6b7
b8b9babb
bcbdbebf
c0c1c2c3
c4c5c6c7
c8c9cacb
cccdcecf
d0d1d2d3
d4d5d6d7
d8d9dadb
dcdddedf
e0e1e2e3
e4e5e6e7
e8e9eaeb
ecedeeef
f0f1f2f3
f4f5f6f7
f8f9fafb
fcfdfeff
00010203
04050607
08090a0b
0c0d0e0f
10111213
14151617
18191a1b
1c1d1e1f
20212223
24252627
28292a2b
2c2d2e2f
30313233
34353637
38393a3b
3c3d3e3f
40414243
44454647
48494a4b
4c4d4e4f
50515253
54555657
58595a5b
5c5d5e5f
60616263
64656667
68696a6b
6c6d6e6f
70717273
74757677
78797a7b
7c7d7e7f
80818283
84858687
88898a8b
8c8d8e8f
90919293
94959697
98999a9b
9c9d9e9f
a0a1a2a3
a4a5a6a7
a8a9aaab
acadaeaf
b0b1b2b3
b4b5b6b7
b8b9babb
bcbdbebf
c0c1c2c3
c4c5c6c7
c8c9cacb
cccdcecf
d0d1d2d3
d4d5d6d7
d8d9dadb
dcdddedf
e0e1e2e3
e4e5e6e7
e8e9eaeb
ecedeeef
f0f1f2f3
f4f5f6f7
f8f9fafb
fcfdfeff
00010203
04050607
08090a0b
0c0d0e0f
10111213
14151617
18191a1b
1c1d1e1f
20212223
24252627
28292a2b
2c2d2e2f
30313233
34353637
38393a3b
3c3d3e3f
40414243
44454647
48494a4b
4c4d4e4f
50515253
54555657
58595a5b
5c5d5e5f
60616263
64656667
68696a6b
6c6d6e6f
70717273
74757677
78797a7b
7c7d7e7f
80818283
84858687
88898a8b
8c8d8e8f
90919293
94959697
98999a9b
9c9d9e9f
a0a1a2a3
a4a5a6a7
a8a9aaab
acadaeaf
b0b1b2b3
b4b5b6b7
b8b9babb
bcbdbebf
c0c1c2c3
c4c5c6c7
c8c9cacb
cccdcecf
d0d1d2d3
d4d5d6d7
d8d9dadb
dcdddedf
e0e1e2e3
e4e5e6e7
e8e9eaeb
ecedeeef
f0f1f2f3
f4f5f6f7
f8f9fafb
fcfdfeff
00010203
04050607
08090a0b
0c0d0e0f
10111213
14151617
18191a1b
1c1d1e1f
20212223
24252627
28292a2b
2c2d2e2f
30313233
34353637
38393a3b
3c3d3e3f
40414243
44454647
48494a4b
4c4d4e4f
50515253
54555657
58595a5b
5c5d5e5f
60616263
64656667
68696a6b
6c6d6e6f
70717273
74757677
78797a7b
7c7d7e7f
80818283
84858687
88898a8b
8c8d8e8f
90919293
94959697
98999a9b
9c9d9e9f
a0a1a2a3
a4a5a6a7
a8a9aaab
acadaeaf
b0b1b2b3
b4b5b6b7
b8b9babb
bcbdbebf
c0c1c2c3
c4c5c6c7
c8c9cacb
cccdcecf
d0d1d2d3
d4d5d6d7
d8d9dadb
dcdddedf
e0e1e2e3
e4e5e6e7
e8e9eaeb
ecedeeef
f0f1f2f3
f4f5f6f7
f8f9fafb
fcfdfeff
00010203
04050607
08090a0b
0c0d0e0f
10111213
14151617
18191a1b
1c1d1e1f
20212223
24252627
28292a2b
2c2d2e2f
30313233
34353637
38393a3b
3c3d3e3f
40414243
44454647
48494a4b
4c4d4e4f
50515253
54555657
58595a5b
5c5d5e5f
60616263
64656667
68696a6b
6c6d6e6f
70717273
74757677
78797a7b
7c7d7e7f
80818283
84858687
88898a8b
8c8d8e8f
90919293
94959697
98999a9b
9c9d9e9f
a0a1a2a3
a4a5a6a7
a8a9aaab
acadaeaf
b0b1b2b3
b4b5b6b7
b8b9babb
bcbdbebf
c0c1c2c3
c4c5c6c7
c8c9cacb
cccdcecf
d0d1d2d3
d4d5d6d7
d8d9dadb
dcdddedf
e0e1e2e3
e4e5e6e7
e8e9eaeb
ecedeeef
f0f1f2f3
f4f5f6f7
f8f9fafb
fcfdfeff
00010203
04050607
08090a0b
0c0d0e0f
10111213
14151617
18191a1b
1c1d1e1f
20212223
24252627
28292a2b
2c2d2e2f
30313233
34353637
38393a3b
3c3d3e3f
40414243
44454647
48494a4b
4c4d4e4f
50515253
54555657
58595a5b
5c5d5e5f
60616263
64656667
68696a6b
6c6d6e6f
70717273
74757677
78797a7b
7c7d7e7f
80818283
84858687
88898a8b
8c8d8e8f
90919293
94959697
98999a9b
9c9d9e9f
a0a1a2a3
a4a5a6a7
a8a9aaab
acadaeaf
b0b1b2b3
b4b5b6b7
b8b9babb
bcbdbebf
c0c1c2c3
c4c5c6c7
c8c9cacb
cccdcecf
d0d1d2d3
d4d5d6d7
d8d9dadb
dcdddedf
e0e1e2e3
e4e5e6e7
e8e9eaeb
ecedeeef
f0f1f2f3
f4f5f6f7
f8f9fafb
fcfdfeff
00010203
04050607
08090a0b
0c0d0e0f
10111213
14151617
18191a1b
1c1d1e1f
20212223
24252627
28292a2b
2c2d2e2f
30313233
34353637
38393a3b
3c3d3e3f
40414243
44454647
48494a4b
4c4d4e4f
50515253
54555657
58595a5b
5c5d5e5f
60616263
64656667
68696a6b
6c6d6e6f
70717273
74757677
78797a7b
7c7d7e7f
80818283
84858687
88898a8b
8c8d8e8f
90919293
94959697
98999a9b
9c9d9e9f
a0a1a2a3
a4a5a6a7
a8a9aaab
acadaeaf
b0b1b2b3
b4b5b6b7
b8b9babb
bcbdbebf
c0c1c2c3
c4c5c6c7
c8c9cacb
cccdcecf
d0d1d2d3
d4d5d6d7
d8d9dadb
dcdddedf
e0e1e2e3
e4e5e6e7
e8e9eaeb
ecedeeef
f0f1f2f3
f4f5f6f7
f8f9fafb
fcfdfeff
00010203
04050607
08090a0b
0c0d0e0f
10111213
14151617
18191a1b
1c1d1e1f
20212223
24252627
28292a2b
2c2d2e2f
30313233
34353637
38393a3b
3c3d3e3f
40414243
44454647
48494a4b
4c4d4e4f
50515253
54555657
58595a5b
5c5d5e5f
60616263
64656667
68696a6b
6c6d6e6f
70717273
74757677
78797a7b
7c7d7e7f
80818283
84858687
88898a8b
8c8d8e8f
90919293
94959697
98999a9b
9c9d9e9f
a0a1a2a3
a4a5a6a7
a8a9aaab
acadaeaf
b0b1b2b3
b4b5b6b7
b8b9babb
bcbdbebf
c0c1c2c3
c4c5c6c7
c8c9cacb
cccdcecf
d0d1d2d3
d4d5d6d7
d8d9dadb
dcdddedf
e0e1e2e3
e4e5e6e7
e8e9eaeb
ecedeeef
f0f1f2f3
f4f5f6f7
f8f9fafb
fcfdfeff
00010203
04050607
08090a0b
0c0d0e0f
10111213
14151617
18191a1b
1c1d1e1f
20212223
24252627
28292a2b
2c2d2e2f
30313233
34353637
38393a3b
3c3d3e3f
40414243
44454647
48494a4b
4c4d4e4f
50515253
54555657
58595a5b
5c5d5e5f
60616263
64656667
68696a6b
6c6d6e6f
70717273
74757677
78797a7b
7c7d7e7f
80818283
84858687
88898a8b
8c8d8e8f
90919293
94959697
98999a9b
9c9d9e9f
a0a1a2a3
a4a5a6a7
a8a9aaab
acadaeaf
b0b1b2b3
b4b5b6b7
b8b9babb
bcbdbebf
c0c1c2c3
c4c5c6c7
c8c9cacb
cccdcecf
d0d1d2d3
d4d5d6d7
d8d9dadb
dcdddedf
e0e1e2e3
e4e5e6e7
e8e9eaeb
ecedeeef
f0f1f2f3
f4f5f6f7
f8f9fafb
fcfdfeff
00010203
04050607
08090a0b
0c0d0e0f
10111213
14151617
18191a1b
1c1d1e1f
20212223
24252627
28292a2b
2c2d2e2f
30313233
34353637
38393a3b
3c3d3e3f
40414243
44454647
48494a4b
4c4d4e4f
50515253
54555657
58595a5b
5c5d5e5f
60616263
64656667
68696a6b
6c6d6e6f
70717273
74757677
78797a7b
7c7d7e7f
80818283
84858687
88898a8b
8c8d8e8f
90919293
94959697
98999a9b
9c9d9e9f
a0a1a2a3
a4a5a6a7
a8a9aaab
acadaeaf
b0b1b2b3
b4b5b6b7
b8b9babb
bcbdbebf
c0c1c2c3
c4c5c6c7
c8c9cacb
cccdcecf
d0d1d2d3
d4d5d6d7
d8d9dadb
dcdddedf
e0e1e2e3
e4e5e6e7
e8e9eaeb
ecedeeef
f0f1f2f3
f4f5f6f7
f8f9fafb
fcfdfeff
00010203
04050607
08090a0b
0c0d0e0f
10111213
14151617
18191a1b
1c1d1e1f
20212223
24252627
28292a2b
2c2d2e2f
30313233
34353637
38393a3b
3c3d3e3f
40414243
44454647
48494a4b
4c4d4e4f
50515253
54555657
58595a5b
5c5d5e5f
60616263
64656667
68696a6b
6c6d6e6f
70717273
74757677
78797a7b
7c7d7e7f
80818283
84858687
88898a8b
8c8d8e8f
90919293
94959697
98999a9b
9c9d9e9f
a0a1a2a3
a4a5a6a7
a8a9aaab
acadaeaf
b0b1b2b3
b4b5b6b7
b8b9babb
bcbdbebf
c0c1c2c3
c4c5c6c7
c8c9cacb
cccdcecf
d0d1d2d3
d4d5d6d7
d8d9dadb
dcdddedf
e0e1e2e3
e4e5e6e7
e8e9eaeb
ecedeeef
f0f1f2f3
f4f5f6f7
f8f9fafb
fcfdfeff
00010203
04050607
08090a0b
0c0d0e0f
10111213
14151617
18191a1b
1c1d1e1f
20212223
24252627
28292a2b
2c2d2e2f
30313233
34353637
38393a3b
3c3d3e3f
40414243
44454647
48494a4b
4c4d4e4f
50515253
54555657
58595a5b
5c5d5e5f
60616263
64656667
68696a6b
6c6d6e6f
70717273
74757677
78797a7b
7c7d7e7f
80818283
84858687
88898a8b
8c8d8e8f
90919293
94959697
98999a9b
9c9d9e9f
a0a1a2a3
a4a5a6a7
a8a9aaab
acadaeaf
b0b1b2b3
b4b5b6b7
b8b9babb
bcbdbebf
c0c1c2c3
c4c5c6c7
c8c9cacb
cccdcecf
d0d1d2d3
d4d5d6d7
d8d9dadb
dcdddedf
e0e1e2e3
e4e5e6e7
e8e9eaeb
ecedeeef
f0f1f2f3
f4f5f6f7
f8f9fafb
fcfdfeff
00010203
04050607
08090a0b
0c0d0e0f
10111213
14151617
18191a1b
1c1d1e1f
20212223
24252627
28292a2b
2c2d2e2f
30313233
34353637
38393a3b
3c3d3e3f
40414243
44454647
48494a4b
4c4d4e4f
50515253
54555657
58595a5b
5c5d5e5f
60616263
64656667
68696a6b
6c6d6e6f
70717273
74757677
78797a7b
7c7d7e7f
80818283
84858687
88898a8b
8c8d8e8f
90919293
94959697
98999a9b
9c9d9e9f
a0a1a2a3
a4a5a6a7
a8a9aaab
acadaeaf
b0b1b2b3
b4b5b6b7
b8b9babb
bcbdbebf
c0c1c2c3
c4c5c6c7
c8c9cacb
cccdcecf
d0d1d2d3
d4d5d6d7
d8d9dadb
dcdddedf
e0e1e2e3
e4e5e6e7
e8e9eaeb
ecedeeef
f0f1f2f3
f4f5f6f7
f8f9fafb
fcfdfeff
00010203
04050607
08090a0b
0c0d0e0f
10111213
14151617
18191a1b
1c1d1e1f
20212223
24252627
28292a2b
2c2d2e2f
30313233
34353637
38393a3b
3c3d3e3f
40414243
44454647
48494a4b
4c4d4e4f
50515253
54555657
58595a5b
5c5d5e5f
60616263
64656667
68696a6b
6c6d6e6f
70717273
74757677
78797a7b
7c7d7e7f
80818283
84858687
88898a8b
8c8d8e8f
90919293
94959697
98999a9b
9c9d9e9f
a0a1a2a3
a4a5a6a7
a8a9aaab
acadaeaf
b0b1b2b3
b4b5b6b7
b8b9babb
bcbdbebf
c0c1c2c3
c4c5c6c7
c8c9cacb
cccdcecf
d0d1d2d3
d4d5d6d7
d8d9dadb
dcdddedf
e0e1e2e3
e4e5e6e7
e8e9eaeb
ecedeeef
f0f1f2f3
f4f5f6f7
f8f9fafb
fcfdfeff
00010203
04050607
08090a0b
0c0d0e0f
10111213
14151617
18191a1b
1c1d1e1f
20212223
24252627
28292a2b
2c2d2e2f
30313233
34353637
38393a3b
3c3d3e3f
40414243
44454647
48494a4b
4c4d4e4f
50515253
54555657
58595a5b
5c5d5e5f
60616263
64656667
68696a6b
6c6d6e6f
70717273
74757677
78797a7b
7c7d7e7f
80818283
84858687
88898a8b
8c8d8e8f
90919293
94959697
98999a9b
9c9d9e9f
a0a1a2a3
a4a5a6a7
a8a9aaab
acadaeaf
b0b1b2b3
b4b5b6b7
b8b9babb
bcbdbebf
c0c1c2c3
c4c5c6c7
c8c9cacb
cccdcecf
d0d1d2d3
d4d5d6d7
d8d9dadb
dcdddedf
e0e1e2e3
e4e5e6e7
e8e9eaeb
ecedeeef
f0f1f2f3
f4f5f6f7
f8f9fafb
fcfdfeff
00ddbcbd
61d678c4
97a9ed67
df82138b
f14c8ca9
ef0a23ca
3ae4f678
b5042a61
d55ac7e1
648f90fc
6bad19c5
00ebeca2
eca15e6c
a975d19b
06eeb86e
5979ac27
05814a8a
ec4907e6
55b708c8
f81436fa
e82c69e3
f6882dd5
83c1ccaa
c0e3fc85
b84a2678
5f86eb52
c6d04f32
b4999512
f354fd62
9e198b39
189c07ee
2248d435
2b2e5fb4
b55665c9
8b45665d
6d6d3442
51c53680
a0d61c9e
7d462e11
a7389aba
ad297917
95d304f5
be0ed190
5cde95e7
347f83ee
89f099d0
45ec1a1c
d7481715
b661d2a8
429dc802
aa4a48e6
700c3505
cd13fbde
cf6dfbb3
129401bf
1256d029
fcdad886
ae31fee8
9feea44a
e839bf70
388053e4
fcc271e2
3d4b9674
43974760
da2404cc
724222c3
a53f7d74
e1db8dad
5e4cfef8
01231e57
5ec9563f
3b732684
8409d2c8
21f8de72
41a055c7
ded208f6
345e56b9
f5d1908b
b55651b7
be44e41a
b5112a16
acd7e206
0b1c1c5c
894c7a69
ea7c1413
9bc1a887
9dfe522d
9b21f3b7
321eabc1
0f7ff2bb
117c86c5
c1f5092c
a9bd639f
79963d83
4427a8c9
364dcb09
546a9c27
48127c87
4fae0926
4104576b
2007b74b
c04f38e8
0631f7dc
ab52c1e4
c5920151
fe3a079d
ee348009
f22739b8
9de21032
7a21a576
2815498a
f90388f2
cd38c5a7
55b71c9a
a7a7728b
dc7c8648
6bc98b36
7deb974d
44c9cd16
5d5692d6
fa254b66
9a5a47a1
8c679689
57c11b1e
e197b274
f522bcbe
26f2bd35
ed79026d
6b8f058c
65647ccc
204bdba5
bf8e7a67
a027e3c8
7454189e
8e70a935
9424544b
f47aae82
be3d79fe
61387d27
c29a284b
f3fb7f55
9b856ebc
52226146
95b52fe9
cc53fc6a
5973971e
7037d204
a4b9f9e5
8fd240c3
0aac1aa3
b28afb68
bae41ebe
a2917993
800fed76
9234cee0
9c9fa31c
d052e018
f5aa468b
4a359d91
7d383b9f
00912c29
017d98fb
254e5e80
5a00d8f7
6dc68f27
6bde44a2
c3adb5f5
586df88f
a89f45cb
218f61a0
76fa03d6
ed7a46b2
73770400
05ac08a7
717241be
21567915
90199e62
97833b06
f9a8bab1
322c7ad2
d7335fea
ee14c674
304e8311
fc98b22b
32d84970
76862546
02a67265
006a083f
fb9a31f8
493623a4
4dbac3ab
35a25aa6
4ad69dbc
0bbdc5e0
bbf563cd
e11f9d14
c3409c97
9fec93bb
31dcd4a6
42da6218
b432e1af
b349d962
c34747f8
de1760a5
64a1b94e
42a176ac
6ef50b58
1516ad9b
c77bb55c
95466ef8
adecaad8
0b7b5b3e
4a7ae1b2
b7bb197f
694898ac
8cb10f33
3df78cd5
59e2b50b
014e879f
f32d4bb4
f479c4f9
e7269764
9dc18e08
8f31185a
71295b51
cecf642e
64c0e4e9
2a82fdf2
ce8be1b9
80e993a9
db0076d5
f1c99ae1
fb0e61a2
00af5679
507d842d
a0ba75a4
69697856
caf4f7f7
0ec30ad5
7ef4be16
f3ec263e
f9593e45
c103f1bb
4eb5befd
e5ca1055
bf3cf5da
c6e88252
71e11fcc
03c66ba8
d1512bc4
12e41278
b7ca2667
725a552e
a9182c6f
6b5207bf
9bf6b4a5
b5526b37
b1e9a668
a84fd0b9
c8f5ca69
e6b9b6b9
89b7bc16
20f92980
a4711153
6c21687c
006c0670
67d0b8a0
b7211d52
bfdd3ca9
e5544f5e
64c66249
d61a6a66
9a210f74
b2e82ec2
617d6a82
14b9afbe
f95d8ea1
9ac07f50
c6587f48
c9e90967
b1228450
0f4a09fb
5a3f1a3e
e8862a68
cd0cfcb2
5d72896d
9a9d3812
ce3239f5
0cd553e2
93be5e64
21500bbe
d5a86575
ac997718
4eafa1da
56cd7edf
0e7a4808
c0a51765
c7d7b48a
489f1c1c
b4d5c5af
193775c8
ee122c3f
c9968da8
4c7c2709
6349268e
a27e6898
aa97a75e
99987fa3
ae5f5926
3900f0a7
c5b5832c
0ae06526
9041aae7
2d5e27a8
4b6f6a01
9d7c218a
54c1fa84
898ced73
7e1ab4e6
3a671a8b
b471fcb8
fd13bd80
fd6c1b5b
b2149861
972e9674
02352abf
f4dd631c
8c317482
30f14dfd
9d7bda16
4049549d
d80d5968
1d32926f
8173db47
cc80289b
68ca506b
db685ba7
cacc98f1
af6a8e63
f3808671
fbad1ced
db716abb
28b643be
9425c984
a6e2f75a
6892e3ae
3afc62bd
7cb2f1c5
0cc2209a
c6b18860
f273c362
f1ca52cf
0165a4b5
50fc3380
e362b0e9
4dad1114
f6d7c2a2
cc73ad68
5afc8a79
069d8e9e
754dc03b
c469825c
c1e75af2
07b15a0e
9f8fa5aa
1e97ac9b
86747c59
a7e1c68e
045d07e3
7938fdda
0d16de9a
7b6b1ea3
d328e4fd
32a53d2c
858880d7
a8d49afd
26c9508e
4139979d
ba2ba6c3
eef7ef2a
7e2bc174
d59357c5
c2188b4a
9342fdd9
93343734
9fdb85d5
9e788010
7e35b38f
1b87836b
e16b4709
9528d7f5
b679085d
38a6913d
224448f3
25508997
5034021e
905b995f
9bc130ce
2ec5e448
48bbf268
b2c4399c
b51e0f6c
f98a5c1d
c525fa41
6ccc850c
ac27e136
1c2a960d
42235206
473b1425
99db7ba2
d769eed2
e8ed14e0
0351d62d
ec3e9362
a9429055
c3dd81d9
55e7d585
33cf0c47
f808f83c
bb674bd7
0c9b34fc
441b3bcd
ad326cd1
9cd55d23
7bb4fda1
c31bfc00
cff8ab26
d33a94da
291baac7
88dd76a2
2d815b90
4c07bd95
d4971674
4ddb2f2b
06df7e2b
4b4f07e1
49a37852
01b1878b
395c0284
1eb71806
7a8db632
1042728a
4a2ae9d9
063902de
7db34dfb
79f601b9
08a2fc05
4bc30fa1
8f2fa502
b6e3feae
2211bdac
b9365e41
3b43ee69
a8cdd49a
870a46c6
bf8c656c
d5718977
91131fc8
8f329c0c
e54e67de
8b92ccb8
e3a2d572
10684978
b031db55
326420d7
6e85fa79
b335be90
ee0239fd
95ec2681
6037e715
7a9ff6c4
81296f8c
68da3d4c
37b08900
20ec90bb
79f212fa
b24b012a
fdb3fdae
0fd3db03
0bfc9373
dcf94539
6d1991c7
dab3ccea
e93cea7c
b6e3ce7d
da73c80a
51315dd9
c9eb8337
ecc86ca1
ece7ae37
70680203
f56ae733
bab18c04
654caf5b
f78ee608
7cb3cb58
d79c9ae8
fefdab4f
acbf68a7
36a9662a
03ef27f4
79814604
b3b6b6e3
ced8521b
c0b51c85
cf6116ec
c38cfbe6
9f4a9de5
8c4c78eb
f0029189
346f3585
75cddfba
0b9b0ae1
70cd9dad
67f2c496
f0b55926
bef98f63
d2cf7b06
ecee6948
dfe3c902
444534dd
472daecd
722b8a80
69a0658d
068b2740
2492409f
cc7f7f4c
a26ab21f
ddc39dfc
eeee2b87
307c2853
bac6b9f4
4e5ee991
645a975c
52cc4950
acd12b7a
7caefa24
161b95a7
11701a0a
fb1383e1
8abb49ce
38e8de94
60d2a657
c085b62a
0b233270
9e1eb1a7
ecd81544
2c2c4572
5952de07
e2de3236
fecd3311
06decc27
301c3f12
ec15fe92
1f1af940
bcfa2da8
66790794
b7abd6cd
64d7059f
42ba464d
7dca5f7a
3a2b27ab
b7c2ccf1
a34aee7a
6b95d7fe
963fed1a
f239ab0a
dea40f5c
7ddc3edc
88975bb5
d02fa60b
7745aeea
09d388a5
43ed85f4
f8010b41
01a4bc77
0dcde2f3
a1dcfba2
b51c8694
d55eef4e
baa1ec18
a065f674
51a98b35
fa30ecfa
03110ef7
26162644
621e3df3
58a9e98e
05af8ad7
08d3929d
39848670
7bf27d3d
507eacb2
b9acdd66
1c7a4f7b
2ae99b3a
7efb6e29
5ccf2a02
dcde0cba
55f0e248
145b4052
ab9db91f
3a74c3ad
c2f97b11
3dc026cb
b5393664
60aff9fb
c665de9b
59798d8f
059751ce
2cdd4a13
de31dc41
6e861636
f52bd5fb
9049995f
4b777910
168949b2
b6db422c
db447f32
149436c2
edf70e7b
86d173fe
2f31e6ed
1905d038
37cb4958
2df54e83
ed60232a
9c9145f4
84962c94
09ae83e6
84ece9f1
6aa8a2c8
d1d202e7
c721076c
4938b2eb
7f163f39
067361ac
dead2fae
47837a4a
601215d9
23cbc07c
b5e03d0b
4450d519
c6a4cb4c
4e7339a5
330badf4
29b0ae4b
676147b8
fb0d29a4
12d90630
d45d4680
52e3cb1b
ca1a7619
aa12f789
971a67bc
0dbf3f19
7f61ad87
93fb4b6b
13eeeec4
772ce2ae
27f19020
e4e9c9d6
7566b0d5
d339d881
15f4d4a4
72cbd05a
819c5832
82270308
e1b2306e
359570fb
cccf4cba
3f0ff4f7
61a81ed5
19018513
fedfc5a5
5e04174c
fbe81a24
950e93ab
f55e312a
421e1c2f
16cf64e0
5e49e62c
091ed075
a042e65f
89bdecf9
be859777
9c7dc722
883072fe
439b3f2c
fafd47f2
e2e38a6d
95cd7826
2beed722
6af324cd
dd26d2fc
ead6249a
8f49cfc1
e2e10324
0b62216e
722a9712
d5425638
d0a032cf
a64bf9c5
4018059c
4b8624c2
cde30e15
1f352834
1a4544ea
8b25220b
6b2d2dbf
8238858a
6f29f2d5
77b28a8b
740a4bc8
57170e0a
b2fc081f
1fe5adfb
0fea3dce
c751948a
4d97b6ca
3233d9c3
a62aab5d
80c3b8db
db422f3b
05b0ac8a
b53fe1c3
0470f3b2
e310c4e3
0a878ed7
8a67a2d5
d577d251
0910d49f
c0eabf6b
908f9472
7be6a1c1
8dc1fc25
6e54a78c
2e811854
f2d1084b
0f07169c
257207d9
8453212f
eb064338
0f877872
026e3ee7
b8974b4b
9093dc0e
34780c57
71eaa68a
fb24c716
2ed650c0
3ab3aa7e
024c3795
60110378
7931dcfd
adb0ac42
46abe204
aa3e4bba
f1274b40
1364a256
8792b653
10e20ede
6cb94c36
665cde13
0246cb74
833648ee
f90a7ef5
6bb7800f
f3bd1826
570a2601
a279a289
639a0612
9429e458
f991dc56
79d7c715
dd54244b
f5409989
97b1a201
f7f75e27
85429eb1
be9959cb
c7162c13
14a49346
9374f472
bfe3399d
51351251
4f219db7
4e1ac89a
0240f25d
da4f0671
ef7146d6
543e6c5a
5c335d2b
fade23ce
0aa0df70
f5590234
3fc05e62
df72c2fb
914fe199
b9bd2ca0
e7a299c4
7b0a5dc9
57732759
45b39e01
e0fc0789
d728ef1d
3827a014
40c9c6c4
6c16737e
31a42b57
7b1621fe
8a3dcf7a
fb8a6b77
6de1a522
a67ec2e9
784cd0e5
9425a983
a7c23011
33b1a297
e55385d1
61dd1313
bb225b06
61ef5d6e
bcd0ca58
0b34acc2
b65af6bb
78ee1d32
6ff899bb
8ea76203
e37b928d
46fde351
7648585a
d90a9909
66705922
6fc2c772
67384bfe
534c7493
0477f6e9
bce5cb8e
265c4f23
9ebb6707
af475b60
23f1f8f8
b6f51803
1dfcca5f
be91f7b4
53940896
92552c2c
806e53c9
d083ec14
5caa4537
ef4c4093
45314124
f168f4c5
7624ad18
0f6b2763
ccb64b30
3545e5ce
578129fa
4769a54a
0267b57b
68c73ad3
e04b8caa
47d22865
9aebb8ec
2f95656f
52d9d379
f555a3f8
fa49e11b
f634dc31
a624bea6
15fd2f2c
1b89800b
f0ace350
ea21da68
4352cbfb
cb936e95
d4c7ea7c
756e5091
660db637
e7e4e24e
9253f01e
6891face
61ec5450
bcec961a
4b8c70fb
107e3a9f
9ec8c01e
dded383b
23e21a55
c158a9c4
e87a62c7
9510d82f
092d66af
a961872a
31ce40a7
71037fb1
b31f1d54
74138f5a
296e05c4
d4135aa8
a008e15b
e5a9f69a
cb977178
46cf2091
4a608f00
038d6d4c
9c7f077c
4ba5a667
21a4c134
511b74d8
59193f9c
c4b03234
c9e33977
fec8b394
2406fe6b
0f6b2d4d
65f17c54
fea0d390
9f21989a
ce2900d2
9cbd817d
99dc58b9
5cfbd314
118390a3
38d03a5a
59c8adea
c4e227ec
ee11a709
c9e29cb9
a0cac77f
7a79b38b
5bc6528c
aee2af89
93a4ca15
0a7de0ea
4621b4ce
778b53be
7186ece8
8f8caf1a
3853dfb6
a22d04c3
a9bb04bf
6d98f13c
2a7055f2
32e28b3e
85e1a97d
fb22dda2
6e520eee
b36d8085
c575d29d
0276a267
62bbf00e
c2f3786d
7a6a1862
a1a3231b
e251ea69
2d2ad039
00b7100e
ea351fd2
5d49d73c
5dc9fb74
e497faf7
195fb8b0
56af35b8
96e097a4
deb114fc
64e33387
cedc5006
1bf82148
a914a67a
924a8b77
eeaa937b
a9935c65
dc65f1b6
35142535
a94fa936
f4ed0a06
4ee9f974
f1635c23
5d53f414
38e4015a
dacd5637
e2b6dae2
d450e072
30233714
a4a1e2ba
b1af8ddd
c991d6b2
9a2d086a
c04c5bf4
0b2dba2b
fb338018
494674b8
d3da9cb8
1a7c478c
aa80803b
341b47c4
7f3724fb
1d709c0d
6b6acef8
c2ac3778
70e79e2c
2b4e8f4f
76b7ed45
49638cac
c3999044
21cf8d8e
be87d2b5
c278cf60
83589817
2ca28726
9540352d
2b4cb7a8
5373be41
703d15d8
9f6abcc7
a06e0690
a3c603dc
e54c4651
58c59e8a
f13a83ad
e5e203e7
5b28f685
f8eb7aa8
2a28a59d
b7211c8c
9a429a3c
2b121fc8
1aa59673
4483da9e
c83d4d97
a48230a4
88cef41c
e0043839
5af1edad
3c46ed34
95131a50
f5834174
4774cd6b
486bfc6d
76e8a6b2
7b8e4264
bdebbdb3
1f1166e5
f206ae56
b97d1d87
e76f9e0d
9f71abc7
b56f52c7
8001eca0
cc639422
6ccae3d8
fbe8652a
b951bafa
31bc6955
0fd04477
0dea6bfa
8b6b2388
bcc5c4c5
d840371f
de7ea8c6
8cfdefcc
a4673e7e
3ef5d586
7ddbb037
8d41d605
1d8e235f
ecf3424d
e1678c7d
c5ab6c57
6050a341
0a27f273
21c5af21
5facfcc8
c7e7f13d
d0777e4a
38454774
b0c38c19
a2bddc2c
569cdb9b
f92728f4
5c0538ab
d1d7b1d8
36320756
dae5eeda
b3d0464d
5360a355
c3851430
ecebe194
abb71303
618eea29
1156b4e5
ccdd5614
0c93ee4f
cdf50133
e01e1a1f
74c7a1ae
920ada60
04780f89
7b7738cf
1adcb91d
ac2a0f6a
f853b2b4
f456a2ea
68067509
8fe49aed
bf737854
f8c3c4c9
f276556e
a4e59706
37e3d068
435c9524
699cc9f4
434524e3
061138b5
61125b57
9a8446ed
d57aafc4
7b83d154
0dedaecf
3707d712
6486ad4e
58dd5dc6
695ca901
4af9f8d7
0954fa6e
05486a62
4a4183fc
8a089bc7
72483654
9a1aae30
8b362f11
e177b68e
0d1f6ac8
115a02eb
d1b30ecf
60fd3eeb
ccf70569
73286b84
449cd905
1409722a
161768a6
f14f9ac2
31826436
0cbf6099
41909d79
eb950823
89124b60
d1ce1954
b1899236
10694715
961c671b
d4fe99d5
6cfe9b3f
93f815e7
e0fe48b0
8f08d007
a7324c6c
777bfcc5
28db5e63
96c2b997
ea97290d
5712102e
c12d6e91
a4c3d9a9
830630b4
29718702
372f0cad
0e95f362
9829cddc
40ed30ce
60a4a55f
f4f380f2
cc29f860
5a198033
fbc1b301
29dc1fbc
a15ff72b
883543ed
f6f1e636
0113b125
f01aa8a5
609654d8
b9ee265a
3eeceddc
780736ba
6fcdf33e
5cd4c1d7
87fc5266
35f626ed
619f374d
d02f6c69
108dfba8
6c6c8fee
1d8c4258
d4e0beae
f0e047ac
d9aa52df
55568790
64901d9e
13235166
24730ac6
50656a24
df9fd916
8cc41c3a
708b213c
f2652095
ef3ac606
9d944e91
b11b0365
35dc3dd9
f9e16080
fb7dd4e9
04859086
39dabfed
4df051ce
8d34c89b
4041a6b9
09da51ee
d6f8e365
e289fa1f
cc1ede55
e8104446
e288c428
844b1ac4
79a93a5f
3c9b74cc
316bfd31
b4650668
b7ac1550
a0c4effd
f0f4298d
182ea477
cfa1b0db
99524fe8
13e9222d
83e0c7e3
5d9a7f52
08563645
38c738fc
1a50ca67
ee469773
167f7878
fc875475
7f515ebb
bf1f7a94
a3ea670b
3dee3067
bb801658
13f9e519
99de7a51
9661e890
4d1fecf3
28084cac
1d5394ac
cb81a050
06d3bacd
fe9d5520
ca3735e7
bd7f6a6b
b71158cc
d3e6efd5
648c9f6d
54fa93d7
c40c2438
6d295e94
a2666f2b
6885d6aa
15830f3e
b5709f4d
b6af5515
4b355b0e
7efd308f
9d812396
b8a14fad
b6f4efba
fc1e9a57
3984f0aa
976f40d1
e7222e5e
3731ba57
1283edc5
7d10f714
664af4a3
9a7620a3
a80a30fc
ca126376
e86ff602
d1d88e2a
0b1453f4
151cf322
4a427a77
97179767
102c4311
861abd21
7fa0955d
7d49a340
34e435dd
fc62f606
785691e2
871e3633
e184227a
70b08e0d
1b824b52
89346966
c39beddc
913ae5e8
de113bd7
a3e872b9
d0d4e14b
e102ccd2
abea0a06
f637b2b9
9ef73eea
e66cb339
4fbd10b9
2147bdde
21418150
09b5970d
6f7f1698
6254fb53
42cca4e9
ce381a22
032e0da3
5a084c39
63eff1bc
c7be28e4
152eb74c
b0e6dea9
a969efe7
c6b74b06
bede1d61
74d82083
09e9ee43
00765bc0
dfa6951e
5f4c94a4
23227ad5
f3aa2fd3
7eedf4d8
081cb710
ab3e170e
5da7300c
f5fdb621
354b6929
dff86d8d
7db8151b
0a67e7b3
0d0b3bdf
8d8b2940
4afe1dec
febce24e
d88ce0eb
3ddccf2e
f5f8321a
2cb6ce4a
c9a7a181
d1d030a3
36a17e06
dc79fd05
d466df61
6dca12ce
18e18b3e
d7c255da
08e101c0
8777db2f
6a4a0af8
ea616151
8ae477e5
e762894a
ca88fc57
5ca96352
21cc22c7
591b0c7d
eee41a61
dc1ecd0f
5645fe54
675d01b0
a4785686
fa3d15a6
13f462c4
f76c1adc
fc6b9ae4
72706bbf
f2b56abf
60d33f7a
204f6633
b8839435
1e439214
e4aa864a
078e76b1
7cf1ec62
7a0ae7d4
69aa762a
ac6a517a
536c96a2
5f6cb274
3ce7c430
484e6a45
a8a69930
0f5d7b76
e326d9c8
1b36d540
ad47ed67
f27c9b52
c1b60a99
a13ce411
01df5831
ce570044
c9bebe83
c276aec7
b526c2a2
17a0675e
3b6c7fb5
73fbf20c
766769bd
da6d37e9
bb0aeee0
be659bdf
b665e059
50b463c7
268c5c74
be12c22c
611e967e
99341186
56572c70
255ca00b
087b43d8
12a54450
fd80db9b
341532f1
42917573
6ddeda2b
8185919d
35c7ad51
c24ecbfe
fc084a8f
5da247a9
4acdd2ec
fb3ca70f
c55a4675
63744ce8
b96d50a3
96e2501a
c7fd6a7a
c93cf2ed
2f4da5c9
51f0b03f
8a1d21ce
343be7cb
5561bec1
17530a40
1f4a52d6
2e7bec23
840b5593
8adad16b
6bcf7698
82ad3946
32e995bd
14cfd922
84ce30fd
359a9cfe
04cfbed6
aeb891ce
187c0653
34376c0d
61be2d72
d1d52c4d
d54e6ea0
eecd2135
a8181e06
e8f4926c
79c0a1bf
1433961c
58483d87
6adfbfa9
08b4ed26
34e77bf1
8d8b4da6
b64e8ca7
da0cc809
87413545
eecc7507
77f2c18b
e829e879
bfa78553
c8db5182
09ed5c37
5e4b150e
f5f90fb7
afe05202
33d60ad4
2e8057bc
19641c09
0e92a731
1ee6061e
603cf4cb
ae1dc24f
5042ef47
d3b50b4b
b7d5c436
9cebd379
2fc13e34
9257e4de
b8b25c4f
4886c0c3
f355d412
02588ece
a84d7296
42459623
a16d704b
a43e217b
73283b06
4209a2f7
ee4c05bf
31ef8f71
a9d701e9
c35d7335
b6ab5a1d
c50d1c82
8903bb63
c279f81e
e4c1ee00
f7528d17
b77bc5bb
b770c893
ae3698a8
437a7a89
91b89018
968b8ed7
0fdbcbbc
27304a0d
a5875e24
c1c17a55
0a27e930
3cde5c83
30995f87
9f7daa54
b262b7c6
dc57a84c
9c4e267e
7ee87e5e
d5af672c
a453faee
bf9cc071
533d62bc
8eecfd5b
8f8c9356
bae6c48b
b8b8ac82
79f3a8d2
ac4405dd
612a661b
4766540f
b40f698e
1b1bc847
25a08af7
728513ef
fc4fb8fc
32dd85ae
8fc40fc6
299097a5
5849af9e
a733f054
2ec0209e
4003519f
326aadb9
0fc18da3
bdd07582
36a8970e
ef30d1a3
9870cf2b
d85de208
62cf2701
293acc95
985dd262
bcfb8c87
3ab3d63c
ca45e4e7
d0fd05f2
3d025c5d
1b765931
14f6b722
36c9256f
359e7471
9d049ddc
90c1ef36
a142759f
ad93f6df
a602e2d7
4462863a
5c234e09
d6fd7a25
84dafcca
58f45a85
ec4c0ff6
c5afb4fb
2f09600d
08dbea91
de0c4a05
45f85ec2
6d45d60f
4e7f5ef8
b1924531
9701564d
033a36b9
2170692d
3a61fc0e
98d72102
75ecc470
657873d7
142f87b3
eb7327bd
aefb3088
efb3e255
43eadd17
a501e3c8
1637d4a8
25a586fe
a69abdbb
798f82bd
5c7dc9aa
71275642
07b2761c
e4f4efbf
d2cdcd06
d6538848
e8701ee0
22ecf346
e6e8e8af
72dfdb1f
3275ee26
502d26a3
f096c402
dd045943
9f21a843
0074a887
6fa83d16
8b4b0e64
3cb6af53
77572315
d79f8405
4afc940c
36e84b73
0168713c
d1c398e4
0741820f
975d3f42
54e64571
38591b7f
c5c9c51d
157e495a
6d0381e3
89a93ad6
a461e77d
2c0adca8
11e67e74
7f9974bc
816fcd36
ba4847d7
2453e19f
2aea1c48
5a95e0c7
7c75918c
6b882f6b
b5af6d90
d915a95f
a457b325
2ab3f56e
22e5b304
78d1f42f
48cf811c
8636209a
5d56bd96
1c733aac
70c052fb
487bf901
53605227
d67b72e2
8bba6d08
79b6fb84
72df4ef7
ed4b6027
4c26a5c0
1050e06b
c0630df2
1b7510d1
5afc4789
780e029e
4c494aee
d59b92f2
b388f5c1
02cbd5f2
0d494d8c
064f8e3f
cb78324a
d57b36f9
76d8e6b2
b1cd1095
d487a122
e2e8e55d
99e37741
f396171b
f2c4b6f8
5729a470
55774cd8
13e1a767
ae2e7c4e
14b26ed3
3bb51a0b
28345df5
f155c631
d12d9acd
2ed973d6
d657efcc
ea767eef
decb74c1
cabdc99a
10427287
aaa1e70f
0484eaef
3e71b5a2
635ff084
ae07de78
8dcce0b9
637afbd3
66a4141d
9fb1646e
fbfd999b
4f602542
8b295269
d57c84e7
efaf74df
4e3f1d36
0f206856
9255c220
24a07c13
7ebac638
cb140937
7aa198e4
68650bfa
51310ffe
547c0a01
aafe546a
389be913
41876004
e5e424ac
9968948f
f6ca245e
cd3e0126
8a2117b3
82d25a69
5ac68285
4e8501d5
20387d71
23b1365c
4b1d8822
5e3ad081
02630e46
43493103
4468ad70
1cd4ac5a
04094847
936a3cfa
e11f0f7d
cc9e35dc
ac2ee08c
86dc664b
a502e8e5
1bd6952b
8d7b517a
b17e9f92
2e32aef4
940de9bc
915e8838
8ba62c14
8a2dfe72
605b9a30
4b5f5d73
3c42bbf7
f042b843
09b2cafc
ae5b1ca5
fa336b23
c0546843
1e87a64e
62b128c2
866c4728
c6ebe4d1
2ff14890
bea4c113
e9055856
754a4ed4
010977c8
a06f848e
261cf75f
8ded6a69
3ad68fd9
704ad57c
445f1dd4
08981220
21593fe3
1e16e982
cff44194
1a24e5a9
b31e90a2
be2e27c8
1524ddbd
61cdfc76
fde30a60
4d89de22
6b26dec3
7ff28173
8e0b6430
1ea40a70
19d7100a
059ec04b
b88fd8b7
2496653e
cdcd0385
7ff0bf9c
ea43aa23
b44241c7
57f8d108
551f46ae
f5f10a05
8c7aa78f
3f56b183
ebbf3b01
aab6c049
fb48352e
2580bbbe
1b1c9adb
55bf6b6d
6a0823c7
12fd6c1e
3339bbf3
d750b315
d54b039e
ed128c44
0459df2d
f179b507
3a4fe34f
385e2357
eafe79c1
c33ae333
fcc0bee4
8d83185f
e3ca3c0f
f28995b5
9703db96
d312152d
fe80cc46
fc46a94c
dae132b4
085e0692
0b7efbc1
f8f817c7
47a3b49e
bbc09733
173f4d52
4133b181
024b344c
3a2ea49a
28ca8400
29e2ebc0
775f73d3
894d0b88
96ba42ab
f3330d63
e0d30a34
7767e438
ac997312
7424886c
524c3254
8ca8bc26
541a86b3
1a226439
25bb9f1b
5d5e7d92
fd7d2517
adfbd14b
93e1eda1
1fc8ed4f
9416779a
094708a3
a23d6f09
c8265458
35a65dbf
6b4c240d
9a118da4
e9e93269
adf5d8eb
1ffa2258
151cd68e
5269f739
162aaff8
7325aa51
7201d63b
383ee149
599ea087
223e21fb
781ec5c6
460ce5fe
8a128daf
4c01ea1c
527d1243
b6771609
7f7b4735
013786f3
fd1f808a
400ea59e
9e657b3d
7085d09b
ccc169c9
ee0bbcc2
5ab28ce7
04fac8f0
acb70507
2971b54a
e2b07f30
719b1914
2cc57066
4d693f97
0107b492
7ba68288
93d8ce03
a277fca5
37a66e62
a3b1e448
31afb441
6875d0bb
af648550
f76c4bf2
da6d2a2f
69766abf
271359a6
0faafa1d
ca6c6536
606d0de9
e96fb29a
c2650cf9
5c23d0b5
0a7bfde3
63d083ea
1b046615
54f75423
b91d4fdb
749c8629
5dfecf59
8b5f7570
135ffe80
adae2e08
338f2030
d359867b
0e4b6964
675cc082
37d1174b
0148a249
bea383e6
4bb7e1ba
9f18a1dd
f7fc625d
003b241f
67dae6c6
e88af1c6
0cab9cf7
d2df785b
f0b6869c
0af26f82
70f1800f
bfa9ce5d
07483525
17131b77
b88ee513
078484c8
5b37b96f
f64890ab
37189702
49f0f8a5
18fa6915
6a42be2e
2689488b
32c12b8c
f9bf486e
19ed094b
55f33574
1a2616f4
12bbd6be
f44a3c98
66aad603
8225455f
6d81a39a
767df5f0
17abee55
3c8e2213
bf306c0b
c02276f1
45736bdf
d923cdce
1797c80d
8576603e
c3db6776
2021040e
08f0e35e
c4bcbc4f
fd807594
900c5fb8
69be8ad5
580a8477
90a9b11e
b62ca01c
63eb4660
60b28e52
37c56c2d
829e38f0
8e054aa7
756258d0
cdf31908
c2b1c8d5
51fee9e3
f92fbae1
07d9ac01
7d2f571d
8c079587
853aa0d8
0feb2a51
a03435f3
c13b9889
a068fa5f
7e27d847
036efd15
a9e300ae
882c709d
cad78b14
870ce5be
4cbfdfe1
5b4542da
04578b2b
4e8e7a8f
8af0ca20
6aaa5fc4
8b526c76
bbc30a1a
a14cb216
a543cf20
e6f9edc0
be01254b
68b11a6c
396d9584
f8446d41
8d13f8b9
2f7ead47
8f25ed1b
de265a01
1867488f
925cb239
137bf749
efc6851d
2f336f67
580971cb
d0f43c49
132e62f3
9bfa3acb
fcb5699d
57c2b0c0
b34d52e8
648e19a9
603de320
2d9e6457
844e33e7
46436642
cb8f8561
b0d79372
9407ce88
de719601
2b09634b
b7851dc4
198deb6f
eea7b7fa
aa373a76
6774f0c9
7386baf5
2b4261d1
2a5071a2
f30ff8b1
9d47774c
b9c96b6e
0072eea1
d41b3d86
87e8b1ac
775a6cca
78c0b5e2
7b9ad828
75a91a91
5e9aad3d
4a2a52c4
f8b90bef
7beba9b2
2a73688d
47a80eb4
5475dcb9
6be76796
411758fe
41e8193b
c3662ddb
8dc4cbe7
b00e0510
ecd533ee
2341a929
e03f9234
6d1358fb
a983d68b
93a38bbd
17a30d75
d9110cd0
7afebcb3
37ec3787
191a960c
eda8a8f3
f8b398cd
5e3bf4b2
34e05803
d876869b
61ef70d6
08394391
b1e5535a
6e5a48b6
8b20bd36
85920af1
566760da
69c25cba
d652f199
546ada67
e0e223a8
84a149a0
021d272a
6a97101e
190919c1
1cc0382d
5c3b1505
5f1397ae
5d3af6a5
3ac39305
630fe457
4017738e
e8f35c7f
a7e58bac
47c00d9c
14eaf559
a56eaf16
4a7ca83e
c173b63a
a3fd26e7
cc4dd478
da6ac307
403cadcd
2ff24fa3
d6222af2
2e65ed27
e9ad3bec
948695e7
9f1f67e7
e87231fd
45793d3c
ad876167
6c79836e
14068975
37fd1314
cd005bbb
f9b99e03
3c66d535
cbc26517
b6ec2393
8bc13358
bc8dd33e
ecdb960c
618e1ce7
bdc6d6e8
a7791f12
a40ee603
5c5e0f9a
21a22df3
ee5cf770
5f952d8c
25488c46
795ae388
4e743f26
ad819361
c3d983e6
2df8be03
a7b8368d
0105c6c8
5491187b
4832b86d
de89c5f9
99c8a6ae
9f706e1e
3c495cfe
06c51032
62397cb6
c480dfd7
4a8f7e6a
fe9b064b
bd39f3ed
a0fcacd4
b16181ca
59f6270c
a607cb90
1a53957b
54560775
a902d148
13cf1138
f40bb5b5
098bf5b8
28d2dc21
149e5a59
3c0ab636
83de92c2
b08dc5fe
99b31a7e
cd330333
8c1c9ef9
d7811540
877534ac
4084707c
ce5ef4b7
4e08fbc3
46697c41
5f37c62c
0f92a230
ce1b5f81
a3b9eb22
58909f21
a0f88a11
2c1ef70e
0c4180c0
f6c1c4b2
3a27e2ea
819c0326
5bfbd80e
e77b6c38
2511509b
02d670a9
c3e4491c
393807bd
8bf00289
b79f035f
b718ca70
df95110a
bb32973f
a13f035f
f3e6f77d
4ffd028c
26c64512
6f5cf79e
24cb065f
63a7fac6
f007d8bc
74e8fae3
d6029d12
37f2ed53
7ddc412f
451edf83
42c03c9b
3fb89f44
82c6ef46
d79025c8
d158f10b
b2e8b36c
b4af4780
06fdd88a
5c4b15f8
fd2e1265
e16afe05
244f1d6a
07706e4d
315f0c55
2d73eb2d
3403ca13
fc6ad15b
3b59580c
7621088d
f069340e
7b593a8f
ea8501ce
913ab00c
5933eeca
5b0f0457
19fa2203
d3872b51
538e74d8
65717674
0f72f0b5
764e5b24
682c1be6
f4e4682f
b9867e99
80a30d3a
01dbc825
240ee383
5de3049c
d7e68c48
32d21fe5
4abeb976
7079dd86
afd8c50d
cf543215
b592c8ed
ceeac4fe
e9d089fa
a5ed6972
3e094119
44b8a4aa
fc5725d4
49e7d5de
f511dd52
a70549bd
e13e9ea7
235a3ea0
20d07be6
eee0305f
8cabbb99
a427425d
3e16c1d5
20f41ba3
2a5acfa3
e0c32689
75adad06
c66ab988
a02a3f06
60e54a0a
6b4d7c30
c0c96367
fd778ac0
c0bd5f89
265c7978
0846e0a2
765fe14f
5990bd03
81930a19
8e83acde
71411e55
f1a0c12c
5f7e310c
22613872
39653bad
5cccc4ae
fbf7fbbb
8928740b
170bf597
a530f129
65d99b4a
ed590ff7
43c29949
bc75ebf0
88fe8dc6
367f72a6
d47c02ac
0874c5f2
67de2990
051ffd76
bc94b674
a9ab634e
ac2b3334
ab5fe56b
c0808ddb
cd662210
4dc451d9
a1145b1a
44520f62
10a42f06
6aa80108
bb2c7670
8b001193
534cf3f6
2fb8ae97
97346373
44e57562
4f7270cc
012d4de3
5a218b4a
f8642966
00dd8818
dc651490
e5eece5d
c77c6674
a8155159
902aabf9
b9c96f14
2c910ce2
173572fe
73841ed0
b22cb024
7fefd24c
8a53746e
f831aa82
6146c6d8
12868f68
958a7e1f
6bb3c5b9
f98601ea
60b567f6
2aeb81a0
78d7172a
fc7196c4
65b1a676
e2f94c0d
2f093d8a
571f2034
002811bb
6ac73c54
b734bb4b
4285ba7c
0c122fe5
9f46d10f
9a557664
e30e7c2b
26e46c1d
0dcf4981
3a7d880a
baf68571
4c375130
a99de5f0
7d1f53e0
febfadda
f1b45656
b5d175c7
89b9d973
8baa98df
03f68e1a
937a2874
78abbd26
84c83b1e
d56b267f
9a92191c
1021914e
57e9bde1
e781391a
bfc22d35
51dbe270
731b29db
e627f28c
44220b69
ea7b316b
8314558c
2b73bb88
ef959ed2
770cd850
e80ea418
7e44d2dc
d876be45
3e5994b9
46413235
266bc761
ed726ba8
b3b81dbf
e2bbdbfc
0fbf941e
6775b60a
22027874
016da92d
1dc5b981
5fdeed08
33309666
237a0082
4912f4b6
309b0bc6
004d999c
49a17abc
8281de3c
c02b83d6
0f54a269
cde63c5f
30627663
44d27a0c
bb62faaf
91e3e86b
cd9da4fd
22d30364
5c4a992e
2df6d2e9
c316ec17
f2a907bd
ec14303f
99048ed7
6b5903cb
8f9fbb51
654e7152
6d675a9d
3f8e7e05
a945d9e4
0973db76
02eb2219
12e6b30b
6bc89117
a0a6aa25
429fc55d
a20cb779
017668c4
3f59c411
5a8d4ecc
548c465e
28932c33
4d523fc9
d1e3dff1
3d4e526d
1fc032df
649f38de
c694929a
b079c0ca
f19583f8
2c092fe5
7c94dfd4
867aec29
3b18ca2b
cd756bf2
c62255da
b38a2105
4a0f3e58
4017417a
be5d53b7
0f1ab27d
b8a74994
cc5a4b09
a15e4b2d
3f1c28c0
37f44e39
ca28a0de
26443ee3
9fac3b87
210f5c01
f8d8f335
f627dcc9
e22cf380
392f0997
0ba6524d
9788091e
3e02be29
162facee
91f13610
4d92925c
186496e4
ddfdd457
e353d3a3
18e784cf
4dbedd19
50d2dd11
8e13b080
8366526e
4fa58a7f
63aebc8b
89fdb6b6
71272c91
45d696b2
8f9ad28f
335bfc48
467edb26
fa23be28
42db0ee6
78f3d2f2
af54492b
f0e3e369
6859b283
f44451f1
9c9a523d
44970747
74e83aa9
a052e666
36a5e66d
a6b0b472
7e7830b6
0de5de03
cdcee4d8
23235871
1b660456
e685accf
adf28016
1dac736e
0b353209
6d01ac48
5e23d390
bdaf425d
3875b873
4622f485
b61dc99a
3568a9e0
8224c902
82405b55
bb2ef0dc
115c5c28
5a162904
7e5a6b8d
785c0e31
856196e6
76a87d42
e9af7417
e74566ad
7a98f509
c463dfa8
25658a47
984c026b
fe6f7503
eb903403
d7307bcb
542d7981
17feb2be
950be669
b999047a
7050ea49
d1d012b3
c109cf4b
ab23689d
4a466e9c
1ce5dd37
1c904495
04654ec0
fe073007
d474f6db
8faa7fbc
b75bf464
6ae1b276
289b46f3
5d4c09ef
1c52f2e4
a62aa473
c04edbb8
4ddb3d6e
8f6f0b29
1f5fd347
c77937e3
843d99a1
ee0bf0cf
56040740
11767f8d
5adc7462
882d4ff6
61dbd37c
d40440f0
748dc960
01fd27a0
8001e7d0
43f4993b
15436d88
e625fa53
cd520f39
3a03b484
6fa358a2
abb97f6c
7f008ac1
78ec0492
9276c483
a382d4c4
a8e52138
70f85e88
4af0114a
0cc77514
6e87c954
afdb1fe8
5ef8da60
1ef01d89
8d51eff0
3596ea0a
8ac05058
4770cd2e
a64e0383
759517ce
f0222871
72e91925
08eb7bdd
97ebb717
207260e1
93a50c33
9ea1a8a5
6d9d9cb4
63c723df
4f9b6cfc
5f15829f
e7af6d7d
c56adc25
d76d4bd9
3ac0db53
468baaab
c00fcff3
1b380f01
8a474ad4
f95a2085
d6d29e02
bcd49520
4e18a409
315b4863
0fcdc4c8
8b7c9391
2c0804ef
7caea330
acf60c1d
12ac6b88
9f10237a
2056c946
5c375106
521c84b0
f68c580c
d20b7b57
27c8ac17
339ba057
43d8fef8
a52b0e77
359f9ba9
4bdd2c34
22ed56a4
badf1f25
5cfd290b
26b81cd5
46aaaf47
1f0339db
d4b59326
8f632405
47fb6f0c
587fa58d
c9d3b049
1a8ed383
4df3ecd7
43ddc206
f82a5dd7
1677cb35
aba8880e
dd578621
0d8adfa1
eca29831
62261b4e
1c7a55fa
44327ce1
45300495
43a58444
ed9ffac1
364d7834
55dafe68
f1f5681f
e281cf8f
44ced3b2
2f0e30a9
8b1371fb
90d56b7c
542a3410
a69efe5d
b7259a0d
bc07803d
c2f4f8d6
6ce81125
184b686f
64fe87bf
21e7c3c3
cee7454c
af6121fb
b755edba
d3a2c029
20fb02d5
528a95d1
c628fa25
80a297c8
995ad61b
e6ef59fa
eb3ba0e8
f1bd799d
08757244
6d96ee68
ca18292f
0c588689
52252bea
ef732530
e221b243
ad7a8baf
0859103e
a6ac0bbd
087dc5e8
94071323
83b20156
fbb068d3
dedb0136
9a8ff0a0
4228813d
18e62ff9
b7b1668e
0d923e71
6a8aed2d
ba1af2d4
3f012cde
57bc92c7
89520939
c78ce03e
f30e0408
d626405c
6c7f9f88
a29517b1
fc00589c
13022f7e
eeb72a12
e7e27587
82aa70ab
f51700f7
99a60027
9ac2a120
66b04fec
78a5d1f6
6c1f17db
7cee94f4
19adf31f
8b045bbd
004463e5
1eec9778
104cf520
dbd8da2f
8ca972fc
27c8af2a
4360af41
42786e0d
cebc4016
6cebd4ef
f60b2c65
404e1bbd
5466f345
fde057d3
a4079f05
713a6d28
a1f9b860
72cd1184
b85736e4
959d208f
75645c04
a66207a9
74e51626
173a95e9
391f634a
1243580b
d82fc125
42164c1a
6857544b
4b39b535
d629d7a7
cfe07803
7e2be4ae
886f2483
750dc557
b7703afa
a6f03d82
228fe0b2
39eca8fd
9ad06a6e
13e6c592
ca6b7dd0
bc33654b
1973dbbe
d30dd169
93d03917
c4fccb98
6adc6c73
8ed5d35a
d0ae95e9
e72ca5d7
b9a118ae
e0d04920
d5bc70c1
1175755e
4145d2cb
d998fbd2
dec6d19d
72b810de
9517b7fc
edd36949
91a7d0c7
5eb2cca1
35d8a1b6
46913e1d
48b7e9b8
62031135
7426d0f6
d0159d57
fa3f80e3
4cf07de7
53d3c5c0
93fba19a
e49083fe
6f90a092
fd159964
c60374a7
edf85473
d0b8f787
f8c932d9
1e555382
e090c48d
b60cdaf4
466f4751
ecade9c5
c86ff57c
f785d6d1
b4d90eda
063a98c9
995e4ded
8a835f9c
7cad3855
da7959a5
43062bfd
6a8c0e49
084ef1ec
0a4a645b
6ff966f3
fa5a1130
ef6d3613
ca0b9381
7151c15d
2de507c3
9dd3692f
a887c288
8c1c1e93
9a5ae93d
e0486b9c
bd6bd46a
a762e0a6
20ecca15
baf672fb
13d890e1
cd13d1ba
fd447731
b48fc55a
2f92a19c
589cc823
c51bab43
9853ea58
27acd9df
94652594
f6f53411
36dd6315
6383d13c
ad2f0814
f9838c5d
a21d575b
fa6a577c
97d32aa3
c8d0aa1c
b6eddcaa
67f70ae1
16644606
6129ba7d
eafb1f84
e4066ee6
a5f582de
6341d7cf
6f22688d
37363ad6
87b03f12
3d5b39d8
8ce9c0dd
f6a7e8b4
7371048e
f90f7d88
e76cae2a
9011ba2d
f9045c05
eda81694
9f869dc1
7aac677b
f5e6f013
59af2faf
6b766879
5c760a58
0a7dd8d4
d67d6a93
47eea7ed
256d0770
32bd685c
6b61b850
12ccfd88
57f292ed
323ad0d2
d030533e
780c0271
ca0ef8b1
78996fd4
c04f108d
451bdd0b
d48f201c
93096f86
5a28e7aa
674af21c
942789c0
39f8f47d
c9c42b6c
4d915b24
6a245b2e
f359b020
ce266d7b
7244b79a
b496568f
bc9298ed
f7aae839
2eab0c25
0ede8f7a
64e4868c
0d6cf15a
4675a63d
21617ae4
45f14497
57fe38cf
431712cf
3d35f122
024b1780
3052847d
b4005294
8c326896
c15857c1
cc1bfb07
9f838c30
aa85abd1
f35788b1
38debf62
3a6a8e41
4f262748
26d225cf
059d7f40
f594fd2c
7f612316
7a5efb99
cf3fb78b
6a732cef
fb1788fd
9b20a2f8
02dfac9b
47fd6f7e
7439a914
19c7782b
cb8d156a
79656b86
f6bc0225
0df3a9d8
2c6bb165
7a72a78d
348a06b0
8d51dcbc
41e8a998
1dfc849b
dd0f3556
8253cc8b
4e89c343
51c73a26
26268711
0417d3e3
34c2e345
894bbee3
e85e631f
b94d0be5
c816293e
70d8f7ab
6ff821e2
98bbe641
21321409
10eb4513
7971bfc6
cddda154
40555edb
9d274e98
10a4891f
19447a7d
97159ba3
8dce07f1
5b8df094
59a0f978
cd902348
7cdc6420
c22e7d94
aff72a50
32bf173c
